Handle,Title,Body (HTML),Vendor,Product Category,Type,Tags,Published,Option1 Name,Option1 Value,Option2 Name,Option2 Value,Option3 Name,Option3 Value,Variant SKU,Variant Grams,Variant Inventory Tracker,Variant Inventory Qty,Variant Inventory Policy,Variant Fulfillment Service,Variant Price,Variant Compare At Price,Variant Requires Shipping,Variant Taxable,Variant Barcode,Image Src,Image Position,Image Alt Text,Gift Card,SEO Title,SEO Description,Google Shopping / Google Product Category,Google Shopping / Gender,Google Shopping / Age Group,Google Shopping / MPN,Google Shopping / Condition,Google Shopping / Custom Product,Google Shopping / Custom Label 0,Google Shopping / Custom Label 1,Google Shopping / Custom Label 2,Google Shopping / Custom Label 3,Google Shopping / Custom Label 4,Variant Image,Variant Weight Unit,Variant Tax Code,Cost per item,Included / United States,Included / Canada,Price / Canada,Compare At Price / Canada,Included / Euro Zone,Price / Euro Zone,Compare At Price / Euro Zone,Included / International,Price / International,Compare At Price / International,Status
et-harum-quidem,Raizel diamond stud earrings,"<p><span class=""MuiBox-root jss8118 innerWrapText"">Elegant and comfy, this embroidered A-line dress which has a round neck, and three-quarter sleeves is all you need to ensure your wardrobe is up to date. B</span><span>rowse through the latest collection of various ethnic dresses with cap sleeve sleeve designs to give a flawless desi look. Stay up to date with the great selection of attractive traditional ethnic dresses made with the perfect blend and modern style.</span></p>
<h4><strong>Sample Unordered List</strong></h4>
<ul>
<li>Comodous in tempor ullamcorper miaculis</li>
<li>Pellentesque vitae neque mollis urna mattis laoreet.</li>
<li>Divamus sit amet purus justo.</li>
<li>Proin molestie egestas orci ac suscipit risus posuere loremou.</li>
</ul>
<h4><strong>Sample Ordered Lista</strong></h4>
<ol>
<li>Comodous in tempor ullamcorper miaculis</li>
<li>Pellentesque vitae neque mollis urna mattis laoreet.</li>
<li>Divamus sit amet purus justo.</li>
<li>Proin molestie egestas orci ac suscipit risus posuere loremous</li>
</ol>
<h4><strong>Sample Paragraph Text</strong></h4>
<blockquote>
<p>Faded short sleeves t-shirt with high neckline. Soft and stretchy material for a comfortable fit. Accessorize with a straw hat and you're ready for summer!Faded short sleeves t-shirt with high neckline. Soft and stretchy material for a comfortable fit. Accessorize with a straw hat and you're ready for summe!</p>
</blockquote>",PUMA,,Hat,"Cotton, Fashion, Summer, Time_2025/05/13 20:25:00, Vintage",true,Color,Darkcyan,,,,,NHFL5-10,0.0,shopify,99,deny,manual,250.00,290.00,true,true,"",https://cdn.shopify.com/s/files/1/0778/0220/9599/files/06_211a5ae4-96b8-4840-b1a5-5ad385fcd15f.jpg?v=1687330026,1,,false,,,,,,,,,,,,,,https://cdn.shopify.com/s/files/1/0778/0220/9599/files/06_211a5ae4-96b8-4840-b1a5-5ad385fcd15f.jpg?v=1687330026,kg,,,true,true,,,true,,,true,,,active
et-harum-quidem,,,,,,,,,Coral,,,,,NHFL5-11,0.0,shopify,99,deny,manual,250.00,290.00,true,true,"",https://cdn.shopify.com/s/files/1/0778/0220/9599/files/06_h.jpg?v=1687330026,2,,,,,,,,,,,,,,,,https://cdn.shopify.com/s/files/1/0778/0220/9599/files/06_h.jpg?v=1687330026,kg,,,,,,,,,,,,,
et-harum-quidem,,,,,,,,,Gray,,,,,NHFL5-12,0.0,shopify,99,deny,manual,250.00,290.00,true,true,"",https://cdn.shopify.com/s/files/1/0778/0220/9599/files/07_608ff1aa-82b1-400d-9cc2-1392ee1ed904.jpg?v=1687330026,3,,,,,,,,,,,,,,,,https://cdn.shopify.com/s/files/1/0778/0220/9599/files/07_608ff1aa-82b1-400d-9cc2-1392ee1ed904.jpg?v=1687330026,kg,,,,,,,,,,,,,
et-harum-quidem,,,,,,,,,,,,,,,,,,,,,,,,,https://cdn.shopify.com/s/files/1/0778/0220/9599/files/08_5dc33fab-217a-422d-b737-c268035348e1.jpg?v=1687330026,4,,,,,,,,,,,,,,,,,,,,,,,,,,,,,,
et-harum-quidem,,,,,,,,,,,,,,,,,,,,,,,,,https://cdn.shopify.com/s/files/1/0778/0220/9599/files/09_37b3837a-cab4-490e-8fac-5ba5b80ebe2b.jpg?v=1687330026,5,,,,,,,,,,,,,,,,,,,,,,,,,,,,,,
et-harum-quidem,,,,,,,,,,,,,,,,,,,,,,,,,https://cdn.shopify.com/s/files/1/0778/0220/9599/files/10.jpg?v=1687330026,6,,,,,,,,,,,,,,,,,,,,,,,,,,,,,,
eget-vulputate,Riona pearl stud earrings,"<span class=""MuiBox-root jss10013 innerWrapText"">Catering to the elite fashion aficionados, this striped top featuring a surplice neck and sash tie-up personifies pure class. Pair it with some elite western wear to radiate a stunning style.<span data-mce-fragment=""1"">Look pretty in a kurta from u women's wear and get it in pink. limeroad has something for everyone.lay your hands on xs size kurtas to wear them as casual wear.</span><br data-mce-fragment=""1""><span data-mce-fragment=""1"">the best part? these beautiful styles can be taken from work to dinner in a jiffy! swank this kurta in vivid patterns priced at ₹1169. limeroad always gives you the hottest styles at the lowest prices.</span></span>
<ul class=""jss10009"">
<li>Design : Striped</li>
<li>Neckline : Surplice Neck</li>
<li>Style : Casual</li>
<li>Sleeve Length : 3/4th Sleeves</li>
<li>Fabric : Polyester</li>
<li>Care Instructions : Machine wash cold</li>
<li>Model Wears : Size S, has height 5'7"",Chest 33"", and Waist 28""</li>
<li>Return Policy : This product is returnable within 30 days of delivery</li>
<li>Product : Top</li>
<li>Country of Origin : USA</li>
<li>Net Quantity : 1 N</li>
</ul>",Allen Solly,,Clothing,"Clothing, Cotton, Fashion, Summer, Vintage",true,Color,Darkcyan,Size,Small,,,NHFL5-14,0.0,shopify,200,deny,manual,250.00,,true,true,"",https://cdn.shopify.com/s/files/1/0778/0220/9599/files/09_5da6c012-ec05-4e8f-bdca-4d5d5ea2cfb5.jpg?v=1687330293,1,,false,,,,,,,,,,,,,,https://cdn.shopify.com/s/files/1/0778/0220/9599/files/09_5da6c012-ec05-4e8f-bdca-4d5d5ea2cfb5.jpg?v=1687330293,kg,,,true,true,,,true,,,true,,,active
eget-vulputate,,,,,,,,,Darkcyan,,Medium,,,NHFL5-15,0.0,shopify,200,deny,manual,250.00,,true,true,"",https://cdn.shopify.com/s/files/1/0778/0220/9599/files/09_h.jpg?v=1687330293,2,,,,,,,,,,,,,,,,https://cdn.shopify.com/s/files/1/0778/0220/9599/files/09_h.jpg?v=1687330293,kg,,,,,,,,,,,,,
eget-vulputate,,,,,,,,,Orchid,,Small,,,NHFL5-16,0.0,shopify,200,deny,manual,250.00,,true,true,"",https://cdn.shopify.com/s/files/1/0778/0220/9599/files/10_57c99369-cfd2-4855-8cc6-8e19cc4bc09e.jpg?v=1687330293,3,,,,,,,,,,,,,,,,https://cdn.shopify.com/s/files/1/0778/0220/9599/files/10_57c99369-cfd2-4855-8cc6-8e19cc4bc09e.jpg?v=1687330293,kg,,,,,,,,,,,,,
eget-vulputate,,,,,,,,,Orchid,,Medium,,,NHFL5-17,0.0,shopify,200,deny,manual,250.00,,true,true,"",https://cdn.shopify.com/s/files/1/0778/0220/9599/files/11_e22c2115-c1fd-475e-a1d1-b0c29e055dc3.jpg?v=1687330293,4,,,,,,,,,,,,,,,,https://cdn.shopify.com/s/files/1/0778/0220/9599/files/11_e22c2115-c1fd-475e-a1d1-b0c29e055dc3.jpg?v=1687330293,kg,,,,,,,,,,,,,
eget-vulputate,,,,,,,,,Pink,,Small,,,NHFL5-18,0.0,shopify,200,deny,manual,250.00,,true,true,"",https://cdn.shopify.com/s/files/1/0778/0220/9599/files/12_c03c08d7-ce31-4c72-8898-f78f47483a81.jpg?v=1687330293,5,,,,,,,,,,,,,,,,https://cdn.shopify.com/s/files/1/0778/0220/9599/files/12_c03c08d7-ce31-4c72-8898-f78f47483a81.jpg?v=1687330293,kg,,,,,,,,,,,,,
eget-vulputate,,,,,,,,,Pink,,Medium,,,NHFL5-19,0.0,shopify,200,deny,manual,250.00,,true,true,"",https://cdn.shopify.com/s/files/1/0778/0220/9599/files/13.jpg?v=1687330293,6,,,,,,,,,,,,,,,,https://cdn.shopify.com/s/files/1/0778/0220/9599/files/13.jpg?v=1687330293,kg,,,,,,,,,,,,,
dictum-massa,Women’s Priyaasi Rose Gold-Plated,"<p><span class=""MuiBox-root jss13712 innerWrapText"">Maximize comfort with this printed T-shirt designed with a round neck and short sleeves.</span><span class=""MuiBox-root jss13712 innerWrapText""><span>Look pretty in a kurta from u women's wear and get it in pink. limeroad has something for everyone.lay your hands on xs size kurtas to wear them as casual wear.</span><br><span>the best part? these beautiful styles can be taken from work to dinner in a jiffy! swank this kurta in vivid patterns priced at ₹1169. limeroad always gives you the hottest styles at the lowest prices.</span></span></p>
<ul class=""jss13708"">
<li>Type : Tees</li>
<li>Design :SImple</li>
<li>Neckline : Round Neck</li>
<li>Style : Casual</li>
<li>Sleeve Length : Half Sleeves</li>
<li>Fabric : Cotton</li>
<li>Care Instructions : Machine Wash</li>
<li>Model Wears : Size S,has Height 5'7"" and Chest 33""</li>
<li>Return Policy : This product is returnable within 30 days of delivery</li>
<li>Product : T-shirt</li>
<li>Country of Origin :USA</li>
<li>Net Quantity : 1800</li>
</ul>
<p><span>Lorem ipsum dolor sit amet, consectetur adipiscing elit. Maecenas ullamcorper lacus non urna porttitor, sodales convallis nulla bibendum. Integer dignissim leo vitae lorem lacinia, eget aliquam diam consequat. Donec rhoncus nisl eget ornare egestas. Sed quis tempus ex. Nullam sit amet libero a urna fermentum blandit sed in ex. Curabitur vehicula sed turpis non pellentesque. Nulla maximus dolor vitae cursus placerat. Quisque dictum, ante at euismod imperdiet, lacus enim suscipit nisi, et imperdiet sapien turpis quis ipsum. Integer sed turpis dui. Maecenas eleifend consequat ante eu lacinia. Vestibulum iaculis sed ipsum vel venenatis.</span></p>",PUMA,,Bags,"Cotton, Summer, Time_2025/06/10 20:25:00, Vintage",true,Title,Default Title,,,,,NHFL5-12,0.0,shopify,300,deny,manual,370.00,390.00,true,true,"",https://cdn.shopify.com/s/files/1/0778/0220/9599/files/12_f269b82a-0fcc-4f94-a522-8635e5eb30f6.jpg?v=1687410231,1,,false,,,,,,,,,,,,,,,kg,,,true,true,,,true,,,true,,,active
dictum-massa,,,,,,,,,,,,,,,,,,,,,,,,,https://cdn.shopify.com/s/files/1/0778/0220/9599/files/12_h.jpg?v=1687410231,2,,,,,,,,,,,,,,,,,,,,,,,,,,,,,,
dictum-massa,,,,,,,,,,,,,,,,,,,,,,,,,https://cdn.shopify.com/s/files/1/0778/0220/9599/files/13_2c5011c6-2827-4112-96ca-b6068f8de3a2.jpg?v=1687410231,3,,,,,,,,,,,,,,,,,,,,,,,,,,,,,,
dictum-massa,,,,,,,,,,,,,,,,,,,,,,,,,https://cdn.shopify.com/s/files/1/0778/0220/9599/files/14_cec1fc83-8206-4f5c-8d1f-9236fc0ef46b.jpg?v=1687410231,4,,,,,,,,,,,,,,,,,,,,,,,,,,,,,,
dictum-massa,,,,,,,,,,,,,,,,,,,,,,,,,https://cdn.shopify.com/s/files/1/0778/0220/9599/files/15_dc90fc98-b088-4ebc-a5ff-1069cb74e600.jpg?v=1687410231,5,,,,,,,,,,,,,,,,,,,,,,,,,,,,,,
dictum-massa,,,,,,,,,,,,,,,,,,,,,,,,,https://cdn.shopify.com/s/files/1/0778/0220/9599/files/16.jpg?v=1687410231,6,,,,,,,,,,,,,,,,,,,,,,,,,,,,,,
at-solmen-va-esser,Versatile sleek gold bangle,"<p>Faded short sleeves t-shirt with high neckline. Soft and stretchy material for a comfortable fit. Accessorize with a straw hat and you're ready for summer!</p>
<h4><strong>Sample Unordered List</strong></h4>
<ul>
<li>Comodous in tempor ullamcorper miaculis</li>
<li>Pellentesque vitae neque mollis urna mattis laoreet.</li>
<li>Divamus sit amet purus justo.</li>
<li>Proin molestie egestas orci ac suscipit risus posuere loremou.</li>
</ul>
<h4><strong>Sample Ordered Lista</strong></h4>
<ol>
<li>Comodous in tempor ullamcorper miaculis</li>
<li>Pellentesque vitae neque mollis urna mattis laoreet.</li>
<li>Divamus sit amet purus justo.</li>
<li>Proin molestie egestas orci ac suscipit risus posuere loremous</li>
</ol>
<h4><strong>Sample Paragraph Text</strong></h4>
<blockquote>
<p>Faded short sleeves t-shirt with high neckline. Soft and stretchy material for a comfortable fit. Accessorize with a straw hat and you're ready for summer!Faded short sleeves t-shirt with high neckline. Soft and stretchy material for a comfortable fit. Accessorize with a straw hat and you're ready for summe!</p>
</blockquote>",Allen Solly,,camera,"Cotton, Shoes, Summer, Time_2024/11/1 20:25:00, Vintage",true,Color,Orchid,,,,,NHFL5,0.0,shopify,399,deny,manual,200.00,0.00,true,true,"",https://cdn.shopify.com/s/files/1/0778/0220/9599/files/04_92994d63-9e2c-4bd7-b18f-bdfe898bc5c7.jpg?v=1687329855,1,,false,,,,,,,,,,,,,,https://cdn.shopify.com/s/files/1/0778/0220/9599/files/04_92994d63-9e2c-4bd7-b18f-bdfe898bc5c7.jpg?v=1687329855,kg,,,true,true,,,true,,,true,,,active
at-solmen-va-esser,,,,,,,,,Chocolate,,,,,NHFL6,0.0,shopify,399,deny,manual,120.00,230.00,true,true,"",https://cdn.shopify.com/s/files/1/0778/0220/9599/files/04_h.jpg?v=1687329855,2,,,,,,,,,,,,,,,,https://cdn.shopify.com/s/files/1/0778/0220/9599/files/04_h.jpg?v=1687329855,kg,,,,,,,,,,,,,
at-solmen-va-esser,,,,,,,,,Green,,,,,NHFL7,0.0,shopify,399,deny,manual,150.00,,true,true,"",https://cdn.shopify.com/s/files/1/0778/0220/9599/files/05_178ec557-8790-44ae-9e84-a0c838dc5480.jpg?v=1687329855,3,,,,,,,,,,,,,,,,https://cdn.shopify.com/s/files/1/0778/0220/9599/files/05_178ec557-8790-44ae-9e84-a0c838dc5480.jpg?v=1687329855,kg,,,,,,,,,,,,,
at-solmen-va-esser,,,,,,,,,,,,,,,,,,,,,,,,,https://cdn.shopify.com/s/files/1/0778/0220/9599/files/06_529a54c1-7418-4d7d-861c-0fb4bf01d597.jpg?v=1687329855,4,,,,,,,,,,,,,,,,,,,,,,,,,,,,,,
at-solmen-va-esser,,,,,,,,,,,,,,,,,,,,,,,,,https://cdn.shopify.com/s/files/1/0778/0220/9599/files/07_b578c8f6-5df5-4311-a0d5-ff9f8a6bb291.jpg?v=1687329856,5,,,,,,,,,,,,,,,,,,,,,,,,,,,,,,
at-solmen-va-esser,,,,,,,,,,,,,,,,,,,,,,,,,https://cdn.shopify.com/s/files/1/0778/0220/9599/files/08.jpg?v=1687329856,6,,,,,,,,,,,,,,,,,,,,,,,,,,,,,,
copy-of-dictum-massa,Gold Plated Crystal Earrings,"<p><span class=""MuiBox-root jss8118 innerWrapText"">Elegant and comfy, this embroidered A-line dress which has a round neck, and three-quarter sleeves is all you need to ensure your wardrobe is up to date. B</span><span>rowse through the latest collection of various ethnic dresses with cap sleeve sleeve designs to give a flawless desi look. Stay up to date with the great selection of attractive traditional ethnic dresses made with the perfect blend and modern style.</span></p>
<h4><strong>Sample Unordered List</strong></h4>
<ul>
<li>Comodous in tempor ullamcorper miaculis</li>
<li>Pellentesque vitae neque mollis urna mattis laoreet.</li>
<li>Divamus sit amet purus justo.</li>
<li>Proin molestie egestas orci ac suscipit risus posuere loremou.</li>
</ul>
<h4><strong>Sample Ordered Lista</strong></h4>
<ol>
<li>Comodous in tempor ullamcorper miaculis</li>
<li>Pellentesque vitae neque mollis urna mattis laoreet.</li>
<li>Divamus sit amet purus justo.</li>
<li>Proin molestie egestas orci ac suscipit risus posuere loremous</li>
</ol>
<h4><strong>Sample Paragraph Text</strong></h4>
<blockquote>
<p>Faded short sleeves t-shirt with high neckline. Soft and stretchy material for a comfortable fit. Accessorize with a straw hat and you're ready for summer!Faded short sleeves t-shirt with high neckline. Soft and stretchy material for a comfortable fit. Accessorize with a straw hat and you're ready for summe!</p>
</blockquote>",Levi’s,,Clothing,"Cotton, Fashion, Summer, Vintage",true,Title,Default Title,,,,,NHFL7-11,0.0,shopify,300,deny,manual,370.00,390.00,true,true,"",https://cdn.shopify.com/s/files/1/0778/0220/9599/files/10_abc59774-b265-4299-9328-3105f3e090f9.jpg?v=1687409774,1,,false,,,,,,,,,,,,,,,kg,,,true,true,,,true,,,true,,,active
copy-of-dictum-massa,,,,,,,,,,,,,,,,,,,,,,,,,https://cdn.shopify.com/s/files/1/0778/0220/9599/files/10_h.jpg?v=1687409774,2,,,,,,,,,,,,,,,,,,,,,,,,,,,,,,
copy-of-dictum-massa,,,,,,,,,,,,,,,,,,,,,,,,,https://cdn.shopify.com/s/files/1/0778/0220/9599/files/11_90a05e6c-26ce-4e8e-ad55-eeeef334b6d5.jpg?v=1687409774,3,,,,,,,,,,,,,,,,,,,,,,,,,,,,,,
copy-of-dictum-massa,,,,,,,,,,,,,,,,,,,,,,,,,https://cdn.shopify.com/s/files/1/0778/0220/9599/files/12_74f40cf2-33fc-4849-838e-e51b58ffa41d.jpg?v=1687409774,4,,,,,,,,,,,,,,,,,,,,,,,,,,,,,,
copy-of-dictum-massa,,,,,,,,,,,,,,,,,,,,,,,,,https://cdn.shopify.com/s/files/1/0778/0220/9599/files/13_ac993598-3b65-49ae-8788-989bc9eb6c7f.jpg?v=1687409774,5,,,,,,,,,,,,,,,,,,,,,,,,,,,,,,
copy-of-dictum-massa,,,,,,,,,,,,,,,,,,,,,,,,,https://cdn.shopify.com/s/files/1/0778/0220/9599/files/14.jpg?v=1687409774,6,,,,,,,,,,,,,,,,,,,,,,,,,,,,,,
copy-of-egetalique-netus-vulputate,Yellow gold sapphire pendant,"<span><span><span class=""MuiBox-root jss9816 innerWrapText"">Designed with a ribbed surface, round neck, and short sleeves, this textured knitted tee from Styleway is super casual and comfortable making it the perfect ensemble.<span class=""MuiBox-root jss8118 innerWrapText"" data-mce-fragment=""1"">Elegant and comfy, this embroidered A-line dress which has a round neck, and three-quarter sleeves is all you need to ensure your wardrobe is up to date.</span></span></span></span>
<ul class=""jss9812"">
<li>Type : T-shirts</li>
<li>Design : Textured</li>
<li>Neckline : Round Neck</li>
<li>Style : Casual</li>
<li>Sleeve Length : Half Sleeves</li>
<li>Fabric : Polyester Blend</li>
<li>Care Instructions : Machine Wash</li>
<li>Model Wears : Size S,has Height 5'7"" and Chest 33""</li>
<li>Return Policy : This product is returnable within 30 days of delivery</li>
<li>Product : T-shirt</li>
<li>Country of Origin : USA</li>
</ul>
<span>Ut et molestie est. Cum sociis natoque penatibus et magnis dis parturient montes, nascetur ridiculus mus. Ut orci mauris, aliquet ac sagittis eget, euismod et neque. Nulla blandit nulla id tempus ullamcorper. Pellentesque habitant morbi tristique senectus et netus et malesuada fames ac turpis egestas. Duis sit amet massa tincidunt, dictum mi at, tincidunt lorem.Pellentesque habitant morbi tristique senectus et netus et malesuada fames ac turpis egestas. Duis sit amet massa tincidunt, dictum mi at, tincidunt lorem.</span>",Wrangler,,Scarf,"Cotton, Summer, Time_2025/03/18 20:25:00, Vintage",true,Color,Darkcyan,,,,,NHFL5-14,0.0,shopify,0,deny,manual,250.00,,true,true,"",https://cdn.shopify.com/s/files/1/0778/0220/9599/files/05_642868f7-e034-421d-bfb0-636fa7044b91.jpg?v=1687329937,1,,false,,,,,,,,,,,,,,https://cdn.shopify.com/s/files/1/0778/0220/9599/files/05_642868f7-e034-421d-bfb0-636fa7044b91.jpg?v=1687329937,kg,,,true,true,,,true,,,true,,,active
copy-of-egetalique-netus-vulputate,,,,,,,,,Coral,,,,,NHFL5-14,0.0,shopify,0,deny,manual,250.00,,true,true,"",https://cdn.shopify.com/s/files/1/0778/0220/9599/files/05_h.jpg?v=1687329937,2,,,,,,,,,,,,,,,,https://cdn.shopify.com/s/files/1/0778/0220/9599/files/05_h.jpg?v=1687329937,kg,,,,,,,,,,,,,
copy-of-egetalique-netus-vulputate,,,,,,,,,Pink,,,,,NHFL5-14,0.0,shopify,0,deny,manual,250.00,,true,true,"",https://cdn.shopify.com/s/files/1/0778/0220/9599/files/06_35884df0-98db-4d0c-8ca8-41b2080f842a.jpg?v=1687329937,3,,,,,,,,,,,,,,,,https://cdn.shopify.com/s/files/1/0778/0220/9599/files/06_35884df0-98db-4d0c-8ca8-41b2080f842a.jpg?v=1687329937,kg,,,,,,,,,,,,,
copy-of-egetalique-netus-vulputate,,,,,,,,,Blue,,,,,NHFL5-14,0.0,shopify,0,deny,manual,250.00,,true,true,"",https://cdn.shopify.com/s/files/1/0778/0220/9599/files/07_212a6a7b-f770-4d93-b53e-ce1d641d6f5d.jpg?v=1687329937,4,,,,,,,,,,,,,,,,https://cdn.shopify.com/s/files/1/0778/0220/9599/files/07_212a6a7b-f770-4d93-b53e-ce1d641d6f5d.jpg?v=1687329937,kg,,,,,,,,,,,,,
copy-of-egetalique-netus-vulputate,,,,,,,,,,,,,,,,,,,,,,,,,https://cdn.shopify.com/s/files/1/0778/0220/9599/files/08_0204346b-4a9a-4b0e-92de-5b0e6cfb13b3.jpg?v=1687329937,5,,,,,,,,,,,,,,,,,,,,,,,,,,,,,,
copy-of-egetalique-netus-vulputate,,,,,,,,,,,,,,,,,,,,,,,,,https://cdn.shopify.com/s/files/1/0778/0220/9599/files/09.jpg?v=1687329937,6,,,,,,,,,,,,,,,,,,,,,,,,,,,,,,
copy-of-adipiscing-sem-1,Eshvi London Lips Pink Earrings Gold,"<p><span class=""MuiBox-root jss8118 innerWrapText"">Elegant and comfy, this embroidered A-line dress which has a round neck, and three-quarter sleeves is all you need to ensure your wardrobe is up to date. B</span><span>rowse through the latest collection of various ethnic dresses with cap sleeve sleeve designs to give a flawless desi look. Stay up to date with the great selection of attractive traditional ethnic dresses made with the perfect blend and modern style.</span></p>
<h4><strong>Sample Unordered List</strong></h4>
<ul>
<li>Comodous in tempor ullamcorper miaculis</li>
<li>Pellentesque vitae neque mollis urna mattis laoreet.</li>
<li>Divamus sit amet purus justo.</li>
<li>Proin molestie egestas orci ac suscipit risus posuere loremou.</li>
</ul>
<h4><strong>Sample Ordered Lista</strong></h4>
<ol>
<li>Comodous in tempor ullamcorper miaculis</li>
<li>Pellentesque vitae neque mollis urna mattis laoreet.</li>
<li>Divamus sit amet purus justo.</li>
<li>Proin molestie egestas orci ac suscipit risus posuere loremous</li>
</ol>
<h4><strong>Sample Paragraph Text</strong></h4>
<blockquote>
<p>Faded short sleeves t-shirt with high neckline. Soft and stretchy material for a comfortable fit. Accessorize with a straw hat and you're ready for summer!Faded short sleeves t-shirt with high neckline. Soft and stretchy material for a comfortable fit. Accessorize with a straw hat and you're ready for summe!</p>
</blockquote>",PUMA,,Bags,"Cotton, Summer, Time_2025/05/12 20:30:00, Trends, Vintage",true,Title,Default Title,,,,,"",0.0,shopify,100,deny,manual,90.00,97.00,true,true,UPC,https://cdn.shopify.com/s/files/1/0778/0220/9599/files/02_fc6eaf44-3590-4cd0-bdfa-a55682b1c03b.jpg?v=1687329700,1,,false,,,,,,,,,,,,,,,kg,,,true,true,,,true,,,true,,,active
copy-of-adipiscing-sem-1,,,,,,,,,,,,,,,,,,,,,,,,,https://cdn.shopify.com/s/files/1/0778/0220/9599/files/02_h.jpg?v=1687329700,2,,,,,,,,,,,,,,,,,,,,,,,,,,,,,,
copy-of-adipiscing-sem-1,,,,,,,,,,,,,,,,,,,,,,,,,https://cdn.shopify.com/s/files/1/0778/0220/9599/files/03_db68b505-4939-436e-a7ea-21352f912270.jpg?v=1687329700,3,,,,,,,,,,,,,,,,,,,,,,,,,,,,,,
copy-of-adipiscing-sem-1,,,,,,,,,,,,,,,,,,,,,,,,,https://cdn.shopify.com/s/files/1/0778/0220/9599/files/04_b10d795d-ffba-41dd-b4a3-8652d7d781d9.jpg?v=1687329700,4,,,,,,,,,,,,,,,,,,,,,,,,,,,,,,
copy-of-adipiscing-sem-1,,,,,,,,,,,,,,,,,,,,,,,,,https://cdn.shopify.com/s/files/1/0778/0220/9599/files/05_9f052d8d-41eb-4e11-b24e-ac45c33eade5.jpg?v=1687329700,5,,,,,,,,,,,,,,,,,,,,,,,,,,,,,,
copy-of-adipiscing-sem-1,,,,,,,,,,,,,,,,,,,,,,,,,https://cdn.shopify.com/s/files/1/0778/0220/9599/files/06.jpg?v=1687329700,6,,,,,,,,,,,,,,,,,,,,,,,,,,,,,,
copy-of-egetalique-netus-penatibus,Contemporary diamond ring,"<span class=""MuiBox-root jss3821 innerWrapText"">An ideal pick for a casual wardrobe, this trendy t-shirt is designed with bold tropical prints, short sleeves and a round neckline.<span class=""MuiBox-root jss8118 innerWrapText"" data-mce-fragment=""1"">Elegant and comfy, this embroidered A-line dress which has a round neck, and three-quarter sleeves is all you need to ensure your wardrobe is up to date. B</span><span data-mce-fragment=""1"">rowse through the latest collection of various ethnic dresses with cap sleeve sleeve designs to give a flawless desi look. Stay up to date with the great selection of attractive traditional ethnic dresses made with the perfect blend and modern style.</span></span>
<ul class=""jss3817"">
<li>Type : Tees</li>
<li>Design : Printed</li>
<li>Neckline : Round Neck</li>
<li>Style : Casual</li>
<li>Sleeve Length : Half Sleeves</li>
<li>Fabric : Cotton</li>
<li>Care Instructions : Machine Wash</li>
<li>Model Wears : Size S,has Height 5'7"" and Chest 33""</li>
<li>Return Policy : This product is returnable within 30 days of delivery</li>
<li>Product : T-shirt</li>
<li>Country of Origin : India</li>
<li>Net Quantity : 1500</li>
</ul>",Levi’s,,Clothing,"Clothing, Cotton, Fashion, Summer, Vintage",true,Color,Darkcyan,Size,Small,,,NHFL5,0.0,shopify,200,deny,manual,250.00,,true,true,"",https://cdn.shopify.com/s/files/1/0778/0220/9599/files/03_f9a8fed3-2d1f-4fff-a600-54e95e033c24.jpg?v=1687329763,1,,false,,,,,,,,,,,,,,https://cdn.shopify.com/s/files/1/0778/0220/9599/files/03_f9a8fed3-2d1f-4fff-a600-54e95e033c24.jpg?v=1687329763,kg,,,true,true,,,true,,,true,,,active
copy-of-egetalique-netus-penatibus,,,,,,,,,Darkcyan,,Medium,,,NHFL51,0.0,shopify,200,deny,manual,250.00,,true,true,"",https://cdn.shopify.com/s/files/1/0778/0220/9599/files/03_h.jpg?v=1687329764,2,,,,,,,,,,,,,,,,https://cdn.shopify.com/s/files/1/0778/0220/9599/files/03_h.jpg?v=1687329764,kg,,,,,,,,,,,,,
copy-of-egetalique-netus-penatibus,,,,,,,,,Darkcyan,,Large,,,NHFL52,0.0,shopify,200,deny,manual,250.00,,true,true,"",https://cdn.shopify.com/s/files/1/0778/0220/9599/files/04_d71958cd-058d-4dc5-8a57-df8cf7caa507.jpg?v=1687329764,3,,,,,,,,,,,,,,,,https://cdn.shopify.com/s/files/1/0778/0220/9599/files/04_d71958cd-058d-4dc5-8a57-df8cf7caa507.jpg?v=1687329764,kg,,,,,,,,,,,,,
copy-of-egetalique-netus-penatibus,,,,,,,,,Coral,,Small,,,NHFL6,0.0,shopify,150,deny,manual,180.00,,true,true,"",https://cdn.shopify.com/s/files/1/0778/0220/9599/files/05_ddb14c00-fae5-420e-931e-e4d25f89385f.jpg?v=1687329764,4,,,,,,,,,,,,,,,,https://cdn.shopify.com/s/files/1/0778/0220/9599/files/05_ddb14c00-fae5-420e-931e-e4d25f89385f.jpg?v=1687329764,kg,,,,,,,,,,,,,
copy-of-egetalique-netus-penatibus,,,,,,,,,Coral,,Medium,,,NHFL61,0.0,shopify,150,deny,manual,180.00,,true,true,"",https://cdn.shopify.com/s/files/1/0778/0220/9599/files/06_8d34f65f-f657-42b1-96e9-a2d08d37bf0c.jpg?v=1687329764,5,,,,,,,,,,,,,,,,https://cdn.shopify.com/s/files/1/0778/0220/9599/files/06_8d34f65f-f657-42b1-96e9-a2d08d37bf0c.jpg?v=1687329764,kg,,,,,,,,,,,,,
copy-of-egetalique-netus-penatibus,,,,,,,,,Coral,,Large,,,NHFL5-62,0.0,shopify,150,deny,manual,180.00,,true,true,"",https://cdn.shopify.com/s/files/1/0778/0220/9599/files/07.jpg?v=1687329764,6,,,,,,,,,,,,,,,,https://cdn.shopify.com/s/files/1/0778/0220/9599/files/07.jpg?v=1687329764,kg,,,,,,,,,,,,,
copy-of-egetalique-netus-penatibus,,,,,,,,,Green,,Small,,,NHFL5-63,0.0,shopify,100,deny,manual,250.00,,true,true,"",,,,,,,,,,,,,,,,,,https://cdn.shopify.com/s/files/1/0778/0220/9599/files/04_d71958cd-058d-4dc5-8a57-df8cf7caa507.jpg?v=1687329764,kg,,,,,,,,,,,,,
copy-of-egetalique-netus-penatibus,,,,,,,,,Green,,Medium,,,NHFL5-64,0.0,shopify,200,deny,manual,250.00,,true,true,"",,,,,,,,,,,,,,,,,,https://cdn.shopify.com/s/files/1/0778/0220/9599/files/05_ddb14c00-fae5-420e-931e-e4d25f89385f.jpg?v=1687329764,kg,,,,,,,,,,,,,
copy-of-egetalique-netus-penatibus,,,,,,,,,Green,,Large,,,NHFL5-65,0.0,shopify,100,deny,manual,250.00,,true,true,"",,,,,,,,,,,,,,,,,,https://cdn.shopify.com/s/files/1/0778/0220/9599/files/07.jpg?v=1687329764,kg,,,,,,,,,,,,,
copy-of-pellentesque-at-1,Floral platinum and diamond ring,"<p><span class=""MuiBox-root jss8118 innerWrapText"">Elegant and comfy, this embroidered A-line dress which has a round neck, and three-quarter sleeves is all you need to ensure your wardrobe is up to date. B</span>rowse through the latest collection of various ethnic dresses with cap sleeve sleeve designs to give a flawless desi look. Stay up to date with the great selection of attractive traditional ethnic dresses made with the perfect blend and modern style.</p>
<ul class=""jss8114"">
<li>Type : A-Line Dresses</li>
<li>Design : Embroidered</li>
<li>Neckline : Round Neck</li>
<li>Style : Casual</li>
<li>Length : Calf-Length</li>
<li>Sleeve Length : 3/4th Sleeves</li>
<li>Fabric : Cotton</li>
<li>Fit : Regular Fit</li>
<li>Care Instructions : Machine Wash</li>
<li>Model Wears : Size S,has Height 5'7"",Chest 33"",and Waist 28""</li>
<li>Return Policy : This product is returnable within 30 days of delivery</li>
<li>Product : Dress</li>
<li>Country of Origin : India</li>
</ul>
<ul class=""jss5998""></ul>
<ul></ul>
<ul class=""jss3131""></ul>",PUMA,,Clothing,"Cotton, Summer, Vintage",true,Title,Default Title,,,,,NHFL5-11,0.0,shopify,200,deny,manual,72.00,79.00,true,false,"",https://cdn.shopify.com/s/files/1/0778/0220/9599/files/16_9ace911f-d106-4d6b-96f1-8e852aef0954.jpg?v=1687410625,1,,false,,,,,,,,,,,,,,,kg,,,true,true,,,true,,,true,,,active
copy-of-pellentesque-at-1,,,,,,,,,,,,,,,,,,,,,,,,,https://cdn.shopify.com/s/files/1/0778/0220/9599/files/16_h.jpg?v=1687410625,2,,,,,,,,,,,,,,,,,,,,,,,,,,,,,,
copy-of-pellentesque-at-1,,,,,,,,,,,,,,,,,,,,,,,,,https://cdn.shopify.com/s/files/1/0778/0220/9599/files/01_fea1b145-b1a3-484e-a4e1-b49bd4f7fd56.jpg?v=1687410625,3,,,,,,,,,,,,,,,,,,,,,,,,,,,,,,
copy-of-pellentesque-at-1,,,,,,,,,,,,,,,,,,,,,,,,,https://cdn.shopify.com/s/files/1/0778/0220/9599/files/02_ffa0cef5-e628-4324-88ee-21e1839ca48f.jpg?v=1687410625,4,,,,,,,,,,,,,,,,,,,,,,,,,,,,,,
copy-of-pellentesque-at-1,,,,,,,,,,,,,,,,,,,,,,,,,https://cdn.shopify.com/s/files/1/0778/0220/9599/files/03_401c3169-39ce-4884-baea-265c58df6075.jpg?v=1687410625,5,,,,,,,,,,,,,,,,,,,,,,,,,,,,,,
copy-of-pellentesque-at-1,,,,,,,,,,,,,,,,,,,,,,,,,https://cdn.shopify.com/s/files/1/0778/0220/9599/files/17_aea88320-aed5-474c-afa0-96c59800835f.jpg?v=1687410622,6,,,,,,,,,,,,,,,,,,,,,,,,,,,,,,
copy-of-adipiscing-sem-2,La Martorana Mosaic Gold Earring,"<p>Stylish and comfortable this printed chemise is designed with short sleeves and a round neckline. <span class=""MuiBox-root jss8118 innerWrapText"" data-mce-fragment=""1"">Elegant and comfy, this embroidered A-line dress which has a round neck, and three-quarter sleeves is all you need to ensure your wardrobe is up to date. B</span><span data-mce-fragment=""1"">rowse through the latest collection of various ethnic dresses with cap sleeve sleeve designs to give a flawless desi look. Stay up to date with the great selection of attractive traditional ethnic dresses made with the perfect blend and modern style.</span><br></p>
<ul class=""jss11620"">
<li>Design : Printed</li>
<li>Length : Knee-Length</li>
<li>Sleeve Length : Half Sleeves</li>
<li>Fabric : Cotton</li>
<li>Care Instructions : Machine Wash</li>
<li>Model Wears : Size S,has Height 5'7"",Chest 33"",and Waist 28""</li>
<li>Return Policy : This product is returnable within 30 days of delivery</li>
<li>Product : Chemise</li>
<li>Country of Origin :USA</li>
</ul>
<p><span>Li Europan lingues es membres del sam familie. Lor separat existentie es un myth. Por scientie, musica, sport etc, litot Europa usa li sam vocabular. Li lingues differe solmen in li grammatica, li pronunciation e li plu commun vocabules. Omnicos directe al desirabilite de un nov lingua franca: On refusa continuar payar custosi traductores.</span></p>",PUMA,,Clothing,"Clothing, Cotton, Fashion, Summer, Time_2024/12/1 20:25:00, Vintage",true,Size,Small,,,,,"",0.0,shopify,100,deny,manual,90.00,97.00,true,true,UPC,https://cdn.shopify.com/s/files/1/0778/0220/9599/files/01.jpg?v=1687329623,1,,false,,,,,,,,,,,,,,https://cdn.shopify.com/s/files/1/0778/0220/9599/files/01.jpg?v=1687329623,kg,,,true,true,,,true,,,true,,,active
copy-of-adipiscing-sem-2,,,,,,,,,Medium,,,,,"",0.0,shopify,0,deny,manual,90.00,97.00,true,true,"",https://cdn.shopify.com/s/files/1/0778/0220/9599/files/01_h.jpg?v=1687329623,2,,,,,,,,,,,,,,,,https://cdn.shopify.com/s/files/1/0778/0220/9599/files/01_h.jpg?v=1687329623,kg,,,,,,,,,,,,,
copy-of-adipiscing-sem-2,,,,,,,,,Large,,,,,"",0.0,shopify,0,deny,manual,90.00,97.00,true,true,"",https://cdn.shopify.com/s/files/1/0778/0220/9599/files/02.jpg?v=1687329623,3,,,,,,,,,,,,,,,,https://cdn.shopify.com/s/files/1/0778/0220/9599/files/02.jpg?v=1687329623,kg,,,,,,,,,,,,,
copy-of-adipiscing-sem-2,,,,,,,,,,,,,,,,,,,,,,,,,https://cdn.shopify.com/s/files/1/0778/0220/9599/files/03.jpg?v=1687329623,4,,,,,,,,,,,,,,,,,,,,,,,,,,,,,,
copy-of-adipiscing-sem-2,,,,,,,,,,,,,,,,,,,,,,,,,https://cdn.shopify.com/s/files/1/0778/0220/9599/files/04.jpg?v=1687329623,5,,,,,,,,,,,,,,,,,,,,,,,,,,,,,,
copy-of-adipiscing-sem-2,,,,,,,,,,,,,,,,,,,,,,,,,https://cdn.shopify.com/s/files/1/0778/0220/9599/files/05.jpg?v=1687329623,6,,,,,,,,,,,,,,,,,,,,,,,,,,,,,,
copy-of-dapibus-in-viverra-2,Luminous pearl stud earrings,"<p><span class=""MuiBox-root jss8118 innerWrapText"">Elegant and comfy, this embroidered A-line dress which has a round neck, and three-quarter sleeves is all you need to ensure your wardrobe is up to date. B</span><span>rowse through the latest collection of various ethnic dresses with cap sleeve sleeve designs to give a flawless desi look. Stay up to date with the great selection of attractive traditional ethnic dresses made with the perfect blend and modern style.</span></p>
<h4><strong>Sample Unordered List</strong></h4>
<ul>
<li>Comodous in tempor ullamcorper miaculis</li>
<li>Pellentesque vitae neque mollis urna mattis laoreet.</li>
<li>Divamus sit amet purus justo.</li>
<li>Proin molestie egestas orci ac suscipit risus posuere loremou.</li>
</ul>
<h4><strong>Sample Ordered Lista</strong></h4>
<ol>
<li>Comodous in tempor ullamcorper miaculis</li>
<li>Pellentesque vitae neque mollis urna mattis laoreet.</li>
<li>Divamus sit amet purus justo.</li>
<li>Proin molestie egestas orci ac suscipit risus posuere loremous</li>
</ol>
<h4><strong>Sample Paragraph Text</strong></h4>
<blockquote>
<p>Faded short sleeves t-shirt with high neckline. Soft and stretchy material for a comfortable fit. Accessorize with a straw hat and you're ready for summer!Faded short sleeves t-shirt with high neckline. Soft and stretchy material for a comfortable fit. Accessorize with a straw hat and you're ready for summe!</p>
</blockquote>",Levi’s,,Hat,"Cotton, Fashion, Summer, Time_2025/03/19 20:25:00, Vintage",true,Color,Pink,Size,Small,,,NHFL5,0.0,shopify,290,deny,manual,240.00,,true,true,"",https://cdn.shopify.com/s/files/1/0778/0220/9599/files/08_4cdf3906-d83f-484a-8236-1c41a5a38d59.jpg?v=1687330206,1,,false,,,,,,,,,,,,,,https://cdn.shopify.com/s/files/1/0778/0220/9599/files/08_4cdf3906-d83f-484a-8236-1c41a5a38d59.jpg?v=1687330206,kg,,,true,true,,,true,,,true,,,active
copy-of-dapibus-in-viverra-2,,,,,,,,,Pink,,Medium,,,NHFL7,0.0,shopify,290,deny,manual,235.00,,true,true,"",https://cdn.shopify.com/s/files/1/0778/0220/9599/files/08_h.jpg?v=1687330206,2,,,,,,,,,,,,,,,,https://cdn.shopify.com/s/files/1/0778/0220/9599/files/08_h.jpg?v=1687330206,kg,,,,,,,,,,,,,
copy-of-dapibus-in-viverra-2,,,,,,,,,Pink,,Large,,,NHFL9,0.0,shopify,290,deny,manual,238.00,,true,true,"",https://cdn.shopify.com/s/files/1/0778/0220/9599/files/09_01d84136-3304-4f68-8115-99285402eb79.jpg?v=1687330206,3,,,,,,,,,,,,,,,,https://cdn.shopify.com/s/files/1/0778/0220/9599/files/09_01d84136-3304-4f68-8115-99285402eb79.jpg?v=1687330206,kg,,,,,,,,,,,,,
copy-of-dapibus-in-viverra-2,,,,,,,,,Green,,Small,,,"",0.0,shopify,290,deny,manual,240.00,,true,true,"",https://cdn.shopify.com/s/files/1/0778/0220/9599/files/10_d46916e0-2ba8-4138-9bbd-76c0d91c36d0.jpg?v=1687330206,4,,,,,,,,,,,,,,,,https://cdn.shopify.com/s/files/1/0778/0220/9599/files/10_d46916e0-2ba8-4138-9bbd-76c0d91c36d0.jpg?v=1687330206,kg,,,,,,,,,,,,,
copy-of-dapibus-in-viverra-2,,,,,,,,,Green,,Medium,,,"",0.0,shopify,100,deny,manual,240.00,,true,true,"",https://cdn.shopify.com/s/files/1/0778/0220/9599/files/11_ca2f22bb-a699-43f4-b32b-433924df8fa0.jpg?v=1687330206,5,,,,,,,,,,,,,,,,https://cdn.shopify.com/s/files/1/0778/0220/9599/files/11_ca2f22bb-a699-43f4-b32b-433924df8fa0.jpg?v=1687330206,kg,,,,,,,,,,,,,
copy-of-dapibus-in-viverra-2,,,,,,,,,Green,,Large,,,"",0.0,shopify,200,deny,manual,240.00,,true,true,"",https://cdn.shopify.com/s/files/1/0778/0220/9599/files/12.jpg?v=1687330206,6,,,,,,,,,,,,,,,,https://cdn.shopify.com/s/files/1/0778/0220/9599/files/12.jpg?v=1687330206,kg,,,,,,,,,,,,,
copy-of-dapibus-in-viverra-2,,,,,,,,,Red,,Medium,,,"",0.0,shopify,100,deny,manual,240.00,,true,true,"",,,,,,,,,,,,,,,,,,https://cdn.shopify.com/s/files/1/0778/0220/9599/files/09_01d84136-3304-4f68-8115-99285402eb79.jpg?v=1687330206,kg,,,,,,,,,,,,,
copy-of-aliquam-vitaeaugueamet-3,Zirconia diamond Bali Earring,"<p><span class=""MuiBox-root jss8118 innerWrapText"">Elegant and comfy, this embroidered A-line dress which has a round neck, and three-quarter sleeves is all you need to ensure your wardrobe is up to date. B</span><span>rowse through the latest collection of various ethnic dresses with cap sleeve sleeve designs to give a flawless desi look. Stay up to date with the great selection of attractive traditional ethnic dresses made with the perfect blend and modern style.</span></p>
<h4><strong>Sample Unordered List</strong></h4>
<ul>
<li>Comodous in tempor ullamcorper miaculis</li>
<li>Pellentesque vitae neque mollis urna mattis laoreet.</li>
<li>Divamus sit amet purus justo.</li>
<li>Proin molestie egestas orci ac suscipit risus posuere loremou.</li>
</ul>
<h4><strong>Sample Ordered Lista</strong></h4>
<ol>
<li>Comodous in tempor ullamcorper miaculis</li>
<li>Pellentesque vitae neque mollis urna mattis laoreet.</li>
<li>Divamus sit amet purus justo.</li>
<li>Proin molestie egestas orci ac suscipit risus posuere loremous</li>
</ol>
<h4><strong>Sample Paragraph Text</strong></h4>
<blockquote>
<p>Faded short sleeves t-shirt with high neckline. Soft and stretchy material for a comfortable fit. Accessorize with a straw hat and you're ready for summer!Faded short sleeves t-shirt with high neckline. Soft and stretchy material for a comfortable fit. Accessorize with a straw hat and you're ready for summe!</p>
</blockquote>",Liverpool,,Bags,"Accessories, Cotton, Fashion, Summer, Time_2025/05/13 20:25:00, Vintage",true,Color,Coral,Size,Small,,,NHFL5,0.0,shopify,1000,deny,manual,350.00,,true,true,"",https://cdn.shopify.com/s/files/1/0778/0220/9599/files/22_3_b5bbb9d8-b8cf-4801-b19d-caefb22d129f.jpg?v=1688021721,1,,false,,,,,,,,,,,,,,https://cdn.shopify.com/s/files/1/0778/0220/9599/files/22_3_b5bbb9d8-b8cf-4801-b19d-caefb22d129f.jpg?v=1688021721,kg,,,true,true,,,true,,,true,,,active
copy-of-aliquam-vitaeaugueamet-3,,,,,,,,,Coral,,Medium,,,NHFL7,0.0,shopify,1000,deny,manual,350.00,400.00,true,true,"",https://cdn.shopify.com/s/files/1/0778/0220/9599/files/22_h_1.jpg?v=1688021721,2,,,,,,,,,,,,,,,,https://cdn.shopify.com/s/files/1/0778/0220/9599/files/22_h_1.jpg?v=1688021721,kg,,,,,,,,,,,,,
copy-of-aliquam-vitaeaugueamet-3,,,,,,,,,Coral,,Large,,,NHFL9,0.0,shopify,1000,deny,manual,350.00,400.00,true,true,"",https://cdn.shopify.com/s/files/1/0778/0220/9599/files/02_ee6dbb75-2305-43b9-bf69-f34ed5e865c1.jpg?v=1688021721,3,,,,,,,,,,,,,,,,https://cdn.shopify.com/s/files/1/0778/0220/9599/files/02_ee6dbb75-2305-43b9-bf69-f34ed5e865c1.jpg?v=1688021721,kg,,,,,,,,,,,,,
copy-of-aliquam-vitaeaugueamet-3,,,,,,,,,Darkcyan,,Small,,,NHFL6,0.0,shopify,1000,deny,manual,340.00,400.00,true,true,"",https://cdn.shopify.com/s/files/1/0778/0220/9599/files/05_d5dea637-bf83-4b4c-9b37-4094769fb1c3.jpg?v=1688021721,4,,,,,,,,,,,,,,,,https://cdn.shopify.com/s/files/1/0778/0220/9599/files/05_d5dea637-bf83-4b4c-9b37-4094769fb1c3.jpg?v=1688021721,kg,,,,,,,,,,,,,
copy-of-aliquam-vitaeaugueamet-3,,,,,,,,,Darkcyan,,Medium,,,NHFL8,0.0,shopify,1000,deny,manual,340.00,400.00,true,true,"",https://cdn.shopify.com/s/files/1/0778/0220/9599/files/07_831b0f84-6f5f-4f7e-9b65-1405b096b379.jpg?v=1688021721,5,,,,,,,,,,,,,,,,https://cdn.shopify.com/s/files/1/0778/0220/9599/files/07_831b0f84-6f5f-4f7e-9b65-1405b096b379.jpg?v=1688021721,kg,,,,,,,,,,,,,
copy-of-aliquam-vitaeaugueamet-3,,,,,,,,,Darkcyan,,Large,,,NHFL10,0.0,shopify,1000,deny,manual,340.00,400.00,true,true,"",https://cdn.shopify.com/s/files/1/0778/0220/9599/files/08_fa84c1bc-89e8-49bf-9ac2-a0b8ca08a117.jpg?v=1688021721,6,,,,,,,,,,,,,,,,https://cdn.shopify.com/s/files/1/0778/0220/9599/files/08_fa84c1bc-89e8-49bf-9ac2-a0b8ca08a117.jpg?v=1688021721,kg,,,,,,,,,,,,,
copy-of-aliquam-vitaeaugueamet-3,,,,,,,,,Pink,,Small,,,NHFL6,0.0,shopify,200,deny,manual,350.00,400.00,true,true,"",,,,,,,,,,,,,,,,,,https://cdn.shopify.com/s/files/1/0778/0220/9599/files/02_ee6dbb75-2305-43b9-bf69-f34ed5e865c1.jpg?v=1688021721,kg,,,,,,,,,,,,,
copy-of-aliquam-vitaeaugueamet-3,,,,,,,,,Pink,,Medium,,,NHFL8,0.0,shopify,200,deny,manual,350.00,400.00,true,true,"",,,,,,,,,,,,,,,,,,https://cdn.shopify.com/s/files/1/0778/0220/9599/files/05_d5dea637-bf83-4b4c-9b37-4094769fb1c3.jpg?v=1688021721,kg,,,,,,,,,,,,,
copy-of-aliquam-vitaeaugueamet-3,,,,,,,,,Pink,,Large,,,NHFL11,0.0,shopify,200,deny,manual,350.00,400.00,true,true,"",,,,,,,,,,,,,,,,,,https://cdn.shopify.com/s/files/1/0778/0220/9599/files/07_831b0f84-6f5f-4f7e-9b65-1405b096b379.jpg?v=1688021721,kg,,,,,,,,,,,,,
copy-of-amet-massa-tincidunt,Taoya Geometric Pearl Earrings,"<p><span class=""MuiBox-root jss8118 innerWrapText"">Elegant and comfy, this embroidered A-line dress which has a round neck, and three-quarter sleeves is all you need to ensure your wardrobe is up to date. B</span>rowse through the latest collection of various ethnic dresses with cap sleeve sleeve designs to give a flawless desi look. Stay up to date with the great selection of attractive traditional ethnic dresses made with the perfect blend and modern style.</p>
<h4>Overview</h4>
<div class=""MuiBox-root jss1364 jss1362 collapseMainDiv"">
<div class=""MuiCollapse-root MuiCollapse-entered"">
<div class=""MuiCollapse-wrapper"">
<div class=""MuiCollapse-wrapperInner"">Up your style quotient with this shirt dress that is tailored with a solid hue, button placket, spread collar and a fabric belt to garner the look.<br>
</div>
<div class=""MuiCollapse-wrapperInner"">
<ul class=""jss1361"">
<li>Type : Shirt Dress</li>
<li>Design : Solid</li>
<li>Neckline : Spread Collar</li>
<li>Style : Casual</li>
<li>Length : Knee-Length</li>
<li>Sleeve Length : Full Sleeves</li>
<li>Fabric : Cotton</li>
<li>Care Instructions : Machine Wash Warm</li>
<li>Model Wears : Size S,has Height 5'7"",Chest 33"",and Waist 28""</li>
<li>Return Policy : This product is returnable within 30 days of delivery</li>
<li>Product : Dress</li>
<li>Country of Origin : India</li>
<li>Net Quantity : 200</li>
</ul>
</div>
</div>
</div>
</div>",Allen Solly,,Hat,"Accessories, Cotton, Fashion, Summer, Time_2025/04/13 20:28:00, Vintage",true,Title,Default Title,,,,,NHFL5-14,0.0,shopify,200,deny,manual,250.00,,true,true,"",https://cdn.shopify.com/s/files/1/0778/0220/9599/files/14_059a5bda-750b-4d12-bf0a-ec2ff97ad605.jpg?v=1687410443,1,,false,,,,,,,,,,,,,,,kg,,,true,true,,,true,,,true,,,active
copy-of-amet-massa-tincidunt,,,,,,,,,,,,,,,,,,,,,,,,,https://cdn.shopify.com/s/files/1/0778/0220/9599/files/14_h.jpg?v=1687410443,2,,,,,,,,,,,,,,,,,,,,,,,,,,,,,,
copy-of-amet-massa-tincidunt,,,,,,,,,,,,,,,,,,,,,,,,,https://cdn.shopify.com/s/files/1/0778/0220/9599/files/15_c15ac625-ea31-4608-b14c-a9acc86855d8.jpg?v=1687410443,3,,,,,,,,,,,,,,,,,,,,,,,,,,,,,,
copy-of-amet-massa-tincidunt,,,,,,,,,,,,,,,,,,,,,,,,,https://cdn.shopify.com/s/files/1/0778/0220/9599/files/16_1165cfa8-f5cf-4d5c-a311-c63a093cc4c1.jpg?v=1687410443,4,,,,,,,,,,,,,,,,,,,,,,,,,,,,,,
copy-of-amet-massa-tincidunt,,,,,,,,,,,,,,,,,,,,,,,,,https://cdn.shopify.com/s/files/1/0778/0220/9599/files/17_197bfdea-e309-4537-aea2-0602d4d635a9.jpg?v=1687410443,5,,,,,,,,,,,,,,,,,,,,,,,,,,,,,,
copy-of-amet-massa-tincidunt,,,,,,,,,,,,,,,,,,,,,,,,,https://cdn.shopify.com/s/files/1/0778/0220/9599/files/09_a4d75b97-67ce-45c1-b2ca-87eb8a0fb775.jpg?v=1687410443,6,,,,,,,,,,,,,,,,,,,,,,,,,,,,,,
copy-of-duis-sit-amet-massa-1,Simple eternity platinum band,"<span class=""MuiBox-root jss6351 innerWrapText"">Enhance your style with this printed top, which is designed with three-quarter sleeves and a round neckline. Adding to the style quotient, this top is detailed with a schiffli detailed structure<span class=""MuiBox-root jss8118 innerWrapText"" data-mce-fragment=""1""> B</span><span data-mce-fragment=""1"">rowse through the latest collection of various ethnic dresses with cap sleeve sleeve designs to give a flawless desi look. Stay up to date with the great selection of attractive traditional ethnic dresses made with the perfect blend and modern style.</span></span>
<ul class=""jss6347"">
<li>Type : Casual Tops</li>
<li>Design : Printed</li>
<li>Neckline : Round Neck</li>
<li>Style : Casual</li>
<li>Sleeve Length : 3/4th Sleeves</li>
<li>Fabric : Cotton Blend</li>
<li>Care Instructions : Machine Wash</li>
<li>Model Wears : Size S,has Height 5'7"" and Chest 33""</li>
<li>Return Policy : This product is returnable within 30 days of delivery</li>
<li>Product : Top</li>
<li>Country of Origin : Germany</li>
<li>Net Quantity : 350</li>
</ul>",Wrangler,,Hat,"Caps, Cotton, Summer, Time_2025/03/18 10:25:00, Vintage",true,Color,Red,,,,,NHFL5-14,0.0,shopify,200,deny,manual,250.00,,true,true,"",https://cdn.shopify.com/s/files/1/0778/0220/9599/files/17_53bd6c4a-b4de-4ccd-87b7-b3f3a9c38e8f.jpg?v=1687410698,1,,false,,,,,,,,,,,,,,https://cdn.shopify.com/s/files/1/0778/0220/9599/files/17_53bd6c4a-b4de-4ccd-87b7-b3f3a9c38e8f.jpg?v=1687410698,kg,,,true,true,,,true,,,true,,,active
copy-of-duis-sit-amet-massa-1,,,,,,,,,Chocolate,,,,,NHFL5-15,0.0,shopify,200,deny,manual,250.00,,true,true,"",https://cdn.shopify.com/s/files/1/0778/0220/9599/files/17_h.jpg?v=1687410698,2,,,,,,,,,,,,,,,,https://cdn.shopify.com/s/files/1/0778/0220/9599/files/17_h.jpg?v=1687410698,kg,,,,,,,,,,,,,
copy-of-duis-sit-amet-massa-1,,,,,,,,,Green,,,,,NHFL5-16,0.0,shopify,200,deny,manual,250.00,,true,true,"",https://cdn.shopify.com/s/files/1/0778/0220/9599/files/04_12feaf8d-fb2c-49c0-92b3-ee1c82a1c656.jpg?v=1687410698,3,,,,,,,,,,,,,,,,https://cdn.shopify.com/s/files/1/0778/0220/9599/files/04_12feaf8d-fb2c-49c0-92b3-ee1c82a1c656.jpg?v=1687410698,kg,,,,,,,,,,,,,
copy-of-duis-sit-amet-massa-1,,,,,,,,,,,,,,,,,,,,,,,,,https://cdn.shopify.com/s/files/1/0778/0220/9599/files/05_45245248-b633-4ef5-a55e-a083c294cffd.jpg?v=1687410698,4,,,,,,,,,,,,,,,,,,,,,,,,,,,,,,
copy-of-duis-sit-amet-massa-1,,,,,,,,,,,,,,,,,,,,,,,,,https://cdn.shopify.com/s/files/1/0778/0220/9599/files/07_a6637eee-a7de-4dbf-9964-ff9ba6587c66.jpg?v=1687410698,5,,,,,,,,,,,,,,,,,,,,,,,,,,,,,,
copy-of-duis-sit-amet-massa-1,,,,,,,,,,,,,,,,,,,,,,,,,https://cdn.shopify.com/s/files/1/0778/0220/9599/files/10_92339556-d703-4b2d-889c-8b44520b1327.jpg?v=1687410698,6,,,,,,,,,,,,,,,,,,,,,,,,,,,,,,
copy-of-malesuada-fames-ac-turpis-1,Rose Gold Flower Pendant,"<p><span class=""MuiBox-root jss8118 innerWrapText"">Elegant and comfy, this embroidered A-line dress which has a round neck, and three-quarter sleeves is all you need to ensure your wardrobe is up to date. B</span><span>rowse through the latest collection of various ethnic dresses with cap sleeve sleeve designs to give a flawless desi look. Stay up to date with the great selection of attractive traditional ethnic dresses made with the perfect blend and modern style.</span></p>
<h4><strong>Sample Unordered List</strong></h4>
<ul>
<li>Comodous in tempor ullamcorper miaculis</li>
<li>Pellentesque vitae neque mollis urna mattis laoreet.</li>
<li>Divamus sit amet purus justo.</li>
<li>Proin molestie egestas orci ac suscipit risus posuere loremou.</li>
</ul>
<h4><strong>Sample Ordered Lista</strong></h4>
<ol>
<li>Comodous in tempor ullamcorper miaculis</li>
<li>Pellentesque vitae neque mollis urna mattis laoreet.</li>
<li>Divamus sit amet purus justo.</li>
<li>Proin molestie egestas orci ac suscipit risus posuere loremous</li>
</ol>
<h4><strong>Sample Paragraph Text</strong></h4>
<blockquote>
<p>Faded short sleeves t-shirt with high neckline. Soft and stretchy material for a comfortable fit. Accessorize with a straw hat and you're ready for summer!Faded short sleeves t-shirt with high neckline. Soft and stretchy material for a comfortable fit. Accessorize with a straw hat and you're ready for summe!</p>
</blockquote>",Liverpool,,Accessories,"Accessories, Cotton, Fashion, Shoes, Summer",true,Title,Default Title,,,,,NHFL5-7,0.0,shopify,150,deny,manual,9.00,,true,true,"",https://cdn.shopify.com/s/files/1/0778/0220/9599/files/20_1_279714e4-13c9-4c8f-8d2c-5ee3355c7b3c.jpg?v=1688021639,1,,false,,,,,,,,,,,,,,,kg,,,true,true,,,true,,,true,,,active
copy-of-malesuada-fames-ac-turpis-1,,,,,,,,,,,,,,,,,,,,,,,,,https://cdn.shopify.com/s/files/1/0778/0220/9599/files/20_h_1.jpg?v=1688021639,2,,,,,,,,,,,,,,,,,,,,,,,,,,,,,,
copy-of-malesuada-fames-ac-turpis-1,,,,,,,,,,,,,,,,,,,,,,,,,https://cdn.shopify.com/s/files/1/0778/0220/9599/files/01_1b156ba0-1b67-44e8-92cd-594bdcb0071b.jpg?v=1688021639,3,,,,,,,,,,,,,,,,,,,,,,,,,,,,,,
copy-of-malesuada-fames-ac-turpis-1,,,,,,,,,,,,,,,,,,,,,,,,,https://cdn.shopify.com/s/files/1/0778/0220/9599/files/02_c4083e6f-d2f0-49d6-9b42-816dff522625.jpg?v=1688021639,4,,,,,,,,,,,,,,,,,,,,,,,,,,,,,,
copy-of-malesuada-fames-ac-turpis-1,,,,,,,,,,,,,,,,,,,,,,,,,https://cdn.shopify.com/s/files/1/0778/0220/9599/files/06_9567b681-a198-4807-8a50-22056ce3ca29.jpg?v=1688021639,5,,,,,,,,,,,,,,,,,,,,,,,,,,,,,,
copy-of-malesuada-fames-ac-turpis-1,,,,,,,,,,,,,,,,,,,,,,,,,https://cdn.shopify.com/s/files/1/0778/0220/9599/files/11_ee038998-ab70-4367-aff7-02e6b0d2616f.jpg?v=1688021639,6,,,,,,,,,,,,,,,,,,,,,,,,,,,,,,
copy-of-agittis-iman-mohamed-abdulmajid,Gold & Silver Stud Earring,"<p>Look pretty in a kurta from u women's wear and get it in pink. limeroad has something for everyone.lay your hands on xs size kurtas to wear them as casual wear. <br>the best part? these beautiful styles can be taken from work to dinner in a jiffy! swank this kurta in vivid patterns priced at ₹1169. limeroad always gives you the hottest styles at the lowest prices.</p>
<h5><strong>Unordered list</strong></h5>
<ul>
<li>Lorem ipsum dolor sit amet, consectetur adipiscing elit.</li>
<li>Maecenas ullamcorper est et massa mattis condimentum.</li>
<li>Vestibulum sed massa vel ipsum imperdiet malesuada id tempus nisl.</li>
<li>Etiam nec massa et lectus faucibus ornare congue in nunc.</li>
<li>Mauris eget diam magna, in blandit turpis.</li>
</ul>
<h5><strong>Ordered list</strong></h5>
<ol>
<li>Lorem ipsum dolor sit amet, consectetur adipiscing elit.</li>
<li>Maecenas ullamcorper est et massa mattis condimentum.</li>
<li>Vestibulum sed massa vel ipsum imperdiet malesuada id tempus nisl.</li>
<li>Etiam nec massa et lectus faucibus ornare congue in nunc.</li>
<li>Mauris eget diam magna, in blandit turpis.</li>
</ol>
<p>In cursus faucibus tortor eu vestibulum. Ut eget turpis ac justo porta varius. Donec vel felis ante, ac vehicula ipsum. Quisque sed diam metus. Quisque eget leo sit amet erat varius rutrum vitae dapibus lectus. Vivamus et sapien ante. Suspendisse potenti. Fusce in tellus est, ac consequat lacus. Nulla risus massa, commodo in imperdiet ut, ornare in leo. Duis pellentesque sagittis lorem, sed mollis lorem venenatis id.</p>",Liverpool,,Accessories,"Back light, Calendar, Dual Time, Hronograph, Multi Function",true,Color,Darkcyan,Size,Small,,,NHFL5-10,0.0,shopify,59,deny,manual,100.00,0.00,true,true,"",https://cdn.shopify.com/s/files/1/0778/0220/9599/files/19_1.jpg?v=1688021535,1,,false,,,,,,,,,,,,,,https://cdn.shopify.com/s/files/1/0778/0220/9599/files/19_1.jpg?v=1688021535,kg,,,true,true,,,true,,,true,,,active
copy-of-agittis-iman-mohamed-abdulmajid,,,,,,,,,Darkcyan,,Large,,,NHFL5-12,0.0,shopify,36,deny,manual,100.00,120.00,true,true,"",https://cdn.shopify.com/s/files/1/0778/0220/9599/files/19_h_1.jpg?v=1688021535,2,,,,,,,,,,,,,,,,https://cdn.shopify.com/s/files/1/0778/0220/9599/files/19_h_1.jpg?v=1688021535,kg,,,,,,,,,,,,,
copy-of-agittis-iman-mohamed-abdulmajid,,,,,,,,,Darkcyan,,Medium,,,NHFL5-15,0.0,shopify,98,deny,manual,100.00,120.00,true,true,"",https://cdn.shopify.com/s/files/1/0778/0220/9599/files/13_1498ec55-e936-4c31-865f-388f47b52efe.jpg?v=1688021535,3,,,,,,,,,,,,,,,,https://cdn.shopify.com/s/files/1/0778/0220/9599/files/13_1498ec55-e936-4c31-865f-388f47b52efe.jpg?v=1688021535,kg,,,,,,,,,,,,,
copy-of-agittis-iman-mohamed-abdulmajid,,,,,,,,,Chocolate,,Small,,,"",0.0,shopify,0,deny,manual,100.00,120.00,true,true,"",https://cdn.shopify.com/s/files/1/0778/0220/9599/files/16_e15c9e8f-c284-44f7-9e25-1221494c75b7.jpg?v=1688021535,4,,,,,,,,,,,,,,,,https://cdn.shopify.com/s/files/1/0778/0220/9599/files/16_e15c9e8f-c284-44f7-9e25-1221494c75b7.jpg?v=1688021535,kg,,,,,,,,,,,,,
copy-of-agittis-iman-mohamed-abdulmajid,,,,,,,,,Chocolate,,Large,,,NHFL5-13,0.0,shopify,300,deny,manual,100.00,120.00,true,true,"",https://cdn.shopify.com/s/files/1/0778/0220/9599/files/20_1.jpg?v=1688021532,5,,,,,,,,,,,,,,,,https://cdn.shopify.com/s/files/1/0778/0220/9599/files/20_1.jpg?v=1688021532,kg,,,,,,,,,,,,,
copy-of-agittis-iman-mohamed-abdulmajid,,,,,,,,,Chocolate,,Medium,,,NHFL5-16,0.0,shopify,300,deny,manual,100.00,120.00,true,true,"",https://cdn.shopify.com/s/files/1/0778/0220/9599/files/21_3.jpg?v=1688021532,6,,,,,,,,,,,,,,,,https://cdn.shopify.com/s/files/1/0778/0220/9599/files/21_3.jpg?v=1688021532,kg,,,,,,,,,,,,,
copy-of-agittis-iman-mohamed-abdulmajid,,,,,,,,,Coral,,Small,,,NHFL5-11,0.0,shopify,300,deny,manual,100.00,120.00,true,true,"",,,,,,,,,,,,,,,,,,https://cdn.shopify.com/s/files/1/0778/0220/9599/files/13_1498ec55-e936-4c31-865f-388f47b52efe.jpg?v=1688021535,kg,,,,,,,,,,,,,
copy-of-agittis-iman-mohamed-abdulmajid,,,,,,,,,Coral,,Large,,,NHFL5-14,0.0,shopify,300,deny,manual,100.00,120.00,true,true,"",,,,,,,,,,,,,,,,,,https://cdn.shopify.com/s/files/1/0778/0220/9599/files/20_1.jpg?v=1688021532,kg,,,,,,,,,,,,,
copy-of-agittis-iman-mohamed-abdulmajid,,,,,,,,,Coral,,Medium,,,NHFL5-17,0.0,shopify,300,deny,manual,100.00,120.00,true,true,"",,,,,,,,,,,,,,,,,,https://cdn.shopify.com/s/files/1/0778/0220/9599/files/16_e15c9e8f-c284-44f7-9e25-1221494c75b7.jpg?v=1688021535,kg,,,,,,,,,,,,,
copy-of-erin-heather-bubley-proin-velit,Lenka pearl stud earrings,"<p>Nam tristique porta ligula, vel viverra sem eleifend nec. Nulla sed purus augue, eu euismod tellus. Nam mattis eros nec mi sagittis sagittis. Vestibulum suscipit cursus bibendum. Integer at justo eget sem auctor auctor eget vitae arcu. Nam tempor malesuada porttitor. Nulla quis dignissim ipsum. Aliquam pulvinar iaculis justo, sit amet interdum sem hendrerit vitae. Vivamus vel erat tortor. Nulla facilisi. In nulla quam, lacinia eu aliquam ac, aliquam in nisl.<br></p>
<h5><strong>Unordered list</strong></h5>
<ul>
<li>Lorem ipsum dolor sit amet, consectetur adipiscing elit.</li>
<li>Maecenas ullamcorper est et massa mattis condimentum.</li>
<li>Vestibulum sed massa vel ipsum imperdiet malesuada id tempus nisl.</li>
<li>Etiam nec massa et lectus faucibus ornare congue in nunc.</li>
<li>Mauris eget diam magna, in blandit turpis.</li>
</ul>
<h5><strong>Ordered list</strong></h5>
<ol>
<li>Lorem ipsum dolor sit amet, consectetur adipiscing elit.</li>
<li>Maecenas ullamcorper est et massa mattis condimentum.</li>
<li>Vestibulum sed massa vel ipsum imperdiet malesuada id tempus nisl.</li>
<li>Etiam nec massa et lectus faucibus ornare congue in nunc.</li>
<li>Mauris eget diam magna, in blandit turpis.</li>
</ol>
<p>In cursus faucibus tortor eu vestibulum. Ut eget turpis ac justo porta varius. Donec vel felis ante, ac vehicula ipsum. Quisque sed diam metus. Quisque eget leo sit amet erat varius rutrum vitae dapibus lectus. Vivamus et sapien ante. Suspendisse potenti. Fusce in tellus est, ac consequat lacus. Nulla risus massa, commodo in imperdiet ut, ornare in leo. Duis pellentesque sagittis lorem, sed mollis lorem venenatis id.</p>",Allen Solly,,Accessories,"Accessories, Cotton, Fashion, Summer, Time_2025/05/13 20:25:00, Vintage",true,Color,Pink,Size,Small,,,NHFL5-2,0.0,shopify,200,deny,manual,17.00,19.00,true,true,"",https://cdn.shopify.com/s/files/1/0778/0220/9599/files/07_74e93639-c177-4d56-898d-114d54ad3bef.jpg?v=1687330117,1,,false,,,,,,,,,,,,,,https://cdn.shopify.com/s/files/1/0778/0220/9599/files/07_74e93639-c177-4d56-898d-114d54ad3bef.jpg?v=1687330117,kg,,,true,true,,,true,,,true,,,active
copy-of-erin-heather-bubley-proin-velit,,,,,,,,,Pink,,Large,,,NHFL5-4,0.0,shopify,200,deny,manual,17.00,19.00,true,true,"",https://cdn.shopify.com/s/files/1/0778/0220/9599/files/07_h.jpg?v=1687330117,2,,,,,,,,,,,,,,,,https://cdn.shopify.com/s/files/1/0778/0220/9599/files/07_h.jpg?v=1687330117,kg,,,,,,,,,,,,,
copy-of-erin-heather-bubley-proin-velit,,,,,,,,,Pink,,Medium,,,NHFL5-6,0.0,shopify,200,deny,manual,17.00,19.00,true,true,"",https://cdn.shopify.com/s/files/1/0778/0220/9599/files/08_60b0ea83-4623-4946-995b-3b846f83241d.jpg?v=1687330117,3,,,,,,,,,,,,,,,,https://cdn.shopify.com/s/files/1/0778/0220/9599/files/08_60b0ea83-4623-4946-995b-3b846f83241d.jpg?v=1687330117,kg,,,,,,,,,,,,,
copy-of-erin-heather-bubley-proin-velit,,,,,,,,,Orchid,,Small,,,"",0.0,shopify,100,deny,manual,17.00,19.00,true,true,"",https://cdn.shopify.com/s/files/1/0778/0220/9599/files/09_957fbd1a-3e25-4799-b515-36af88e5a281.jpg?v=1687330117,4,,,,,,,,,,,,,,,,https://cdn.shopify.com/s/files/1/0778/0220/9599/files/09_957fbd1a-3e25-4799-b515-36af88e5a281.jpg?v=1687330117,kg,,,,,,,,,,,,,
copy-of-erin-heather-bubley-proin-velit,,,,,,,,,Orchid,,Large,,,"",0.0,shopify,100,deny,manual,17.00,19.00,true,true,"",https://cdn.shopify.com/s/files/1/0778/0220/9599/files/10_65e9ee0f-c6bf-4b4c-b82d-f00d535f832c.jpg?v=1687330117,5,,,,,,,,,,,,,,,,https://cdn.shopify.com/s/files/1/0778/0220/9599/files/10_65e9ee0f-c6bf-4b4c-b82d-f00d535f832c.jpg?v=1687330117,kg,,,,,,,,,,,,,
copy-of-erin-heather-bubley-proin-velit,,,,,,,,,Orchid,,Medium,,,"",0.0,shopify,100,deny,manual,17.00,19.00,true,true,"",https://cdn.shopify.com/s/files/1/0778/0220/9599/files/11.jpg?v=1687330117,6,,,,,,,,,,,,,,,,https://cdn.shopify.com/s/files/1/0778/0220/9599/files/11.jpg?v=1687330117,kg,,,,,,,,,,,,,
copy-of-erin-heather-bubley-proin-velit,,,,,,,,,Chocolate,,Small,,,"",0.0,shopify,100,deny,manual,17.00,19.00,true,true,"",,,,,,,,,,,,,,,,,,https://cdn.shopify.com/s/files/1/0778/0220/9599/files/08_60b0ea83-4623-4946-995b-3b846f83241d.jpg?v=1687330117,kg,,,,,,,,,,,,,
copy-of-erin-heather-bubley-proin-velit,,,,,,,,,Chocolate,,Large,,,"",0.0,shopify,100,deny,manual,17.00,19.00,true,true,"",,,,,,,,,,,,,,,,,,https://cdn.shopify.com/s/files/1/0778/0220/9599/files/09_957fbd1a-3e25-4799-b515-36af88e5a281.jpg?v=1687330117,kg,,,,,,,,,,,,,
copy-of-erin-heather-bubley-proin-velit,,,,,,,,,Chocolate,,Medium,,,"",0.0,shopify,200,deny,manual,17.00,19.00,true,true,"",,,,,,,,,,,,,,,,,,https://cdn.shopify.com/s/files/1/0778/0220/9599/files/10_65e9ee0f-c6bf-4b4c-b82d-f00d535f832c.jpg?v=1687330117,kg,,,,,,,,,,,,,
copy-of-laura-bambrough-viverra-del,Sterling Silver Oval Stone Ring,"<p>Nam tristique porta ligula, vel viverra sem eleifend nec. Nulla sed purus augue, eu euismod tellus. Nam mattis eros nec mi sagittis sagittis. Vestibulum suscipit cursus bibendum. Integer at justo eget sem auctor auctor eget vitae arcu. Nam tempor malesuada porttitor. Nulla quis dignissim ipsum. Aliquam pulvinar iaculis justo, sit amet interdum sem hendrerit vitae. Vivamus vel erat tortor. Nulla facilisi. In nulla quam, lacinia eu aliquam ac, aliquam in nisl.<br></p>
<h5><strong>Unordered list</strong></h5>
<ul>
<li>Lorem ipsum dolor sit amet, consectetur adipiscing elit.</li>
<li>Maecenas ullamcorper est et massa mattis condimentum.</li>
<li>Vestibulum sed massa vel ipsum imperdiet malesuada id tempus nisl.</li>
<li>Etiam nec massa et lectus faucibus ornare congue in nunc.</li>
<li>Mauris eget diam magna, in blandit turpis.</li>
</ul>
<h5><strong>Ordered list</strong></h5>
<ol>
<li>Lorem ipsum dolor sit amet, consectetur adipiscing elit.</li>
<li>Maecenas ullamcorper est et massa mattis condimentum.</li>
<li>Vestibulum sed massa vel ipsum imperdiet malesuada id tempus nisl.</li>
<li>Etiam nec massa et lectus faucibus ornare congue in nunc.</li>
<li>Mauris eget diam magna, in blandit turpis.</li>
</ol>
<p>In cursus faucibus tortor eu vestibulum. Ut eget turpis ac justo porta varius. Donec vel felis ante, ac vehicula ipsum. Quisque sed diam metus. Quisque eget leo sit amet erat varius rutrum vitae dapibus lectus. Vivamus et sapien ante. Suspendisse potenti. Fusce in tellus est, ac consequat lacus. Nulla risus massa, commodo in imperdiet ut, ornare in leo. Duis pellentesque sagittis lorem, sed mollis lorem venenatis id.</p>",Allen Solly,,Blouse,"Clothes, Cotton, Fashion, Summer, Vintage",true,Color,Darkcyan,Size,Small,,,NHFL5,0.0,shopify,250,deny,manual,240.00,,true,true,"",https://cdn.shopify.com/s/files/1/0778/0220/9599/files/15_442454c9-a0f5-4272-890f-d9dcb001acbd.jpg?v=1687410511,1,,false,,,,,,,,,,,,,,https://cdn.shopify.com/s/files/1/0778/0220/9599/files/15_442454c9-a0f5-4272-890f-d9dcb001acbd.jpg?v=1687410511,kg,,,true,true,,,true,,,true,,,active
copy-of-laura-bambrough-viverra-del,,,,,,,,,Darkcyan,,Medium,,,NHFL6,0.0,shopify,250,deny,manual,240.00,,true,true,"",https://cdn.shopify.com/s/files/1/0778/0220/9599/files/15_h.jpg?v=1687410511,2,,,,,,,,,,,,,,,,https://cdn.shopify.com/s/files/1/0778/0220/9599/files/15_h.jpg?v=1687410511,kg,,,,,,,,,,,,,
copy-of-laura-bambrough-viverra-del,,,,,,,,,Darkcyan,,Large,,,NHFL7,0.0,shopify,250,deny,manual,240.00,,true,true,"",https://cdn.shopify.com/s/files/1/0778/0220/9599/files/08_8f5d5a73-c0f3-4d6e-877b-63d42cbf5f95.jpg?v=1687410511,3,,,,,,,,,,,,,,,,https://cdn.shopify.com/s/files/1/0778/0220/9599/files/08_8f5d5a73-c0f3-4d6e-877b-63d42cbf5f95.jpg?v=1687410511,kg,,,,,,,,,,,,,
copy-of-laura-bambrough-viverra-del,,,,,,,,,Coral,,Small,,,NHFL5,0.0,shopify,250,deny,manual,240.00,,true,true,"",https://cdn.shopify.com/s/files/1/0778/0220/9599/files/09_8f4f20d9-10ca-4b7b-b31f-d89d31c091b7.jpg?v=1687410511,4,,,,,,,,,,,,,,,,https://cdn.shopify.com/s/files/1/0778/0220/9599/files/09_8f4f20d9-10ca-4b7b-b31f-d89d31c091b7.jpg?v=1687410511,kg,,,,,,,,,,,,,
copy-of-laura-bambrough-viverra-del,,,,,,,,,Coral,,Medium,,,NHFL6,0.0,shopify,250,deny,manual,240.00,,true,true,"",https://cdn.shopify.com/s/files/1/0778/0220/9599/files/16_0a0d74ed-a96d-455d-99cf-c0c64a3f9b8a.jpg?v=1687410509,5,,,,,,,,,,,,,,,,https://cdn.shopify.com/s/files/1/0778/0220/9599/files/16_0a0d74ed-a96d-455d-99cf-c0c64a3f9b8a.jpg?v=1687410509,kg,,,,,,,,,,,,,
copy-of-laura-bambrough-viverra-del,,,,,,,,,Coral,,Large,,,NHFL7,0.0,shopify,250,deny,manual,240.00,,true,true,"",https://cdn.shopify.com/s/files/1/0778/0220/9599/files/17_bfa618f8-0d27-408f-be78-7e3fb97477bf.jpg?v=1687410509,6,,,,,,,,,,,,,,,,https://cdn.shopify.com/s/files/1/0778/0220/9599/files/17_bfa618f8-0d27-408f-be78-7e3fb97477bf.jpg?v=1687410509,kg,,,,,,,,,,,,,
copy-of-laura-bambrough-viverra-del,,,,,,,,,Red,,Small,,,NHFL5,0.0,shopify,250,deny,manual,240.00,,true,true,"",,,,,,,,,,,,,,,,,,https://cdn.shopify.com/s/files/1/0778/0220/9599/files/08_8f5d5a73-c0f3-4d6e-877b-63d42cbf5f95.jpg?v=1687410511,kg,,,,,,,,,,,,,
copy-of-laura-bambrough-viverra-del,,,,,,,,,Red,,Medium,,,NHFL6,0.0,shopify,250,deny,manual,240.00,,true,true,"",,,,,,,,,,,,,,,,,,https://cdn.shopify.com/s/files/1/0778/0220/9599/files/16_0a0d74ed-a96d-455d-99cf-c0c64a3f9b8a.jpg?v=1687410509,kg,,,,,,,,,,,,,
copy-of-laura-bambrough-viverra-del,,,,,,,,,Red,,Large,,,NHFL7,0.0,shopify,250,deny,manual,240.00,,true,true,"",,,,,,,,,,,,,,,,,,https://cdn.shopify.com/s/files/1/0778/0220/9599/files/09_8f4f20d9-10ca-4b7b-b31f-d89d31c091b7.jpg?v=1687410511,kg,,,,,,,,,,,,,
copy-of-apple-smart-watch-midnight-aluminum-1,Rose Gold Charm Bracelet,"<p>Look pretty in a kurta from u women's wear and get it in pink. limeroad has something for everyone.lay your hands on xs size kurtas to wear them as casual wear. <br>the best part? these beautiful styles can be taken from work to dinner in a jiffy! swank this kurta in vivid patterns priced at ₹1169. limeroad always gives you the hottest styles at the lowest prices.</p>
<h5><strong>Unordered list</strong></h5>
<ul>
<li>Lorem ipsum dolor sit amet, consectetur adipiscing elit.</li>
<li>Maecenas ullamcorper est et massa mattis condimentum.</li>
<li>Vestibulum sed massa vel ipsum imperdiet malesuada id tempus nisl.</li>
<li>Etiam nec massa et lectus faucibus ornare congue in nunc.</li>
<li>Mauris eget diam magna, in blandit turpis.</li>
</ul>
<h5><strong>Ordered list</strong></h5>
<ol>
<li>Lorem ipsum dolor sit amet, consectetur adipiscing elit.</li>
<li>Maecenas ullamcorper est et massa mattis condimentum.</li>
<li>Vestibulum sed massa vel ipsum imperdiet malesuada id tempus nisl.</li>
<li>Etiam nec massa et lectus faucibus ornare congue in nunc.</li>
<li>Mauris eget diam magna, in blandit turpis.</li>
</ol>
<p>In cursus faucibus tortor eu vestibulum. Ut eget turpis ac justo porta varius. Donec vel felis ante, ac vehicula ipsum. Quisque sed diam metus. Quisque eget leo sit amet erat varius rutrum vitae dapibus lectus. Vivamus et sapien ante. Suspendisse potenti. Fusce in tellus est, ac consequat lacus. Nulla risus massa, commodo in imperdiet ut, ornare in leo. Duis pellentesque sagittis lorem, sed mollis lorem venenatis id.</p>",Liverpool,,Accessories,"Back light, Calendar, Dual Time, Hronograph, Multi Function",true,Title,Default Title,,,,,NHFL5-10,0.0,shopify,59,deny,manual,100.00,0.00,true,true,"",https://cdn.shopify.com/s/files/1/0778/0220/9599/files/13_273598a1-50b7-4f40-945c-0f796ef8000c.jpg?v=1687410325,1,,false,,,,,,,,,,,,,,,kg,,,true,true,,,true,,,true,,,active
copy-of-apple-smart-watch-midnight-aluminum-1,,,,,,,,,,,,,,,,,,,,,,,,,https://cdn.shopify.com/s/files/1/0778/0220/9599/files/13_h.jpg?v=1687410325,2,,,,,,,,,,,,,,,,,,,,,,,,,,,,,,
copy-of-apple-smart-watch-midnight-aluminum-1,,,,,,,,,,,,,,,,,,,,,,,,,https://cdn.shopify.com/s/files/1/0778/0220/9599/files/14_5ad7e984-526b-4663-9136-ef3dbdb2538c.jpg?v=1687410325,3,,,,,,,,,,,,,,,,,,,,,,,,,,,,,,
copy-of-apple-smart-watch-midnight-aluminum-1,,,,,,,,,,,,,,,,,,,,,,,,,https://cdn.shopify.com/s/files/1/0778/0220/9599/files/15_bc11d134-33c7-4007-88b4-ded89c5da0ac.jpg?v=1687410325,4,,,,,,,,,,,,,,,,,,,,,,,,,,,,,,
copy-of-apple-smart-watch-midnight-aluminum-1,,,,,,,,,,,,,,,,,,,,,,,,,https://cdn.shopify.com/s/files/1/0778/0220/9599/files/16_81779f0c-493f-45ef-b4fd-da680835d11a.jpg?v=1687410325,5,,,,,,,,,,,,,,,,,,,,,,,,,,,,,,
copy-of-apple-smart-watch-midnight-aluminum-1,,,,,,,,,,,,,,,,,,,,,,,,,https://cdn.shopify.com/s/files/1/0778/0220/9599/files/17.jpg?v=1687410325,6,,,,,,,,,,,,,,,,,,,,,,,,,,,,,,
copy-of-pendant-light-lamps-for-home-decor-1,Rose Gold Crescent Affair Earring,"<p>Nam tristique porta ligula, vel viverra sem eleifend nec. Nulla sed purus augue, eu euismod tellus. Nam mattis eros nec mi sagittis sagittis. Vestibulum suscipit cursus bibendum. Integer at justo eget sem auctor auctor eget vitae arcu. Nam tempor malesuada porttitor. Nulla quis dignissim ipsum. Aliquam pulvinar iaculis justo, sit amet interdum sem hendrerit vitae. Vivamus vel erat tortor. Nulla facilisi. In nulla quam, lacinia eu aliquam ac, aliquam in nisl.<br></p>
<h5><strong>Unordered list</strong></h5>
<ul>
<li>Lorem ipsum dolor sit amet, consectetur adipiscing elit.</li>
<li>Maecenas ullamcorper est et massa mattis condimentum.</li>
<li>Vestibulum sed massa vel ipsum imperdiet malesuada id tempus nisl.</li>
<li>Etiam nec massa et lectus faucibus ornare congue in nunc.</li>
<li>Mauris eget diam magna, in blandit turpis.</li>
</ul>
<h5><strong>Ordered list</strong></h5>
<ol>
<li>Lorem ipsum dolor sit amet, consectetur adipiscing elit.</li>
<li>Maecenas ullamcorper est et massa mattis condimentum.</li>
<li>Vestibulum sed massa vel ipsum imperdiet malesuada id tempus nisl.</li>
<li>Etiam nec massa et lectus faucibus ornare congue in nunc.</li>
<li>Mauris eget diam magna, in blandit turpis.</li>
</ol>
<p>In cursus faucibus tortor eu vestibulum. Ut eget turpis ac justo porta varius. Donec vel felis ante, ac vehicula ipsum. Quisque sed diam metus. Quisque eget leo sit amet erat varius rutrum vitae dapibus lectus. Vivamus et sapien ante. Suspendisse potenti. Fusce in tellus est, ac consequat lacus. Nulla risus massa, commodo in imperdiet ut, ornare in leo. Duis pellentesque sagittis lorem, sed mollis lorem venenatis id.</p>",Allen Solly,,Accessories,"Accessories, Cotton, Fashion, Summer, Time_2025/05/13 20:25:00, Vintage",true,Title,Default Title,,,,,NHFL5-2,0.0,shopify,200,deny,manual,17.00,19.00,true,true,"",https://cdn.shopify.com/s/files/1/0778/0220/9599/files/18.jpg?v=1688021607,1,,false,,,,,,,,,,,,,,,kg,,,true,true,,,true,,,true,,,active
copy-of-pendant-light-lamps-for-home-decor-1,,,,,,,,,,,,,,,,,,,,,,,,,https://cdn.shopify.com/s/files/1/0778/0220/9599/files/18_h.jpg?v=1688021607,2,,,,,,,,,,,,,,,,,,,,,,,,,,,,,,
copy-of-pendant-light-lamps-for-home-decor-1,,,,,,,,,,,,,,,,,,,,,,,,,https://cdn.shopify.com/s/files/1/0778/0220/9599/files/08_f12e6149-e9e0-4476-b406-c467b12dcd2b.jpg?v=1688021607,3,,,,,,,,,,,,,,,,,,,,,,,,,,,,,,
copy-of-pendant-light-lamps-for-home-decor-1,,,,,,,,,,,,,,,,,,,,,,,,,https://cdn.shopify.com/s/files/1/0778/0220/9599/files/19_1_dc64b80b-d6e7-417d-a803-4823b0ddaed1.jpg?v=1688021605,4,,,,,,,,,,,,,,,,,,,,,,,,,,,,,,
copy-of-pendant-light-lamps-for-home-decor-1,,,,,,,,,,,,,,,,,,,,,,,,,https://cdn.shopify.com/s/files/1/0778/0220/9599/files/21_3_0fe67ba7-d3c8-47b2-b1e0-a938d7132f14.jpg?v=1688021605,5,,,,,,,,,,,,,,,,,,,,,,,,,,,,,,
copy-of-pendant-light-lamps-for-home-decor-1,,,,,,,,,,,,,,,,,,,,,,,,,https://cdn.shopify.com/s/files/1/0778/0220/9599/files/22_3.jpg?v=1688021605,6,,,,,,,,,,,,,,,,,,,,,,,,,,,,,,
copy-of-tribit-stylist-wireless-bluetooth-headphone-1,Platinum and diamond ring,"<p><span class=""MuiBox-root jss8118 innerWrapText"">Elegant and comfy, this embroidered A-line dress which has a round neck, and three-quarter sleeves is all you need to ensure your wardrobe is up to date. B</span><span>rowse through the latest collection of various ethnic dresses with cap sleeve sleeve designs to give a flawless desi look. Stay up to date with the great selection of attractive traditional ethnic dresses made with the perfect blend and modern style.</span></p>
<h4><strong>Sample Unordered List</strong></h4>
<ul>
<li>Comodous in tempor ullamcorper miaculis</li>
<li>Pellentesque vitae neque mollis urna mattis laoreet.</li>
<li>Divamus sit amet purus justo.</li>
<li>Proin molestie egestas orci ac suscipit risus posuere loremou.</li>
</ul>
<h4><strong>Sample Ordered Lista</strong></h4>
<ol>
<li>Comodous in tempor ullamcorper miaculis</li>
<li>Pellentesque vitae neque mollis urna mattis laoreet.</li>
<li>Divamus sit amet purus justo.</li>
<li>Proin molestie egestas orci ac suscipit risus posuere loremous</li>
</ol>
<h4><strong>Sample Paragraph Text</strong></h4>
<blockquote>
<p>Faded short sleeves t-shirt with high neckline. Soft and stretchy material for a comfortable fit. Accessorize with a straw hat and you're ready for summer!Faded short sleeves t-shirt with high neckline. Soft and stretchy material for a comfortable fit. Accessorize with a straw hat and you're ready for summe!</p>
</blockquote>",Levi’s,,Clothing,"Cotton, Fashion, Summer, Vintage",true,Color,Gray,,,,,NHFL7-11,0.0,shopify,300,deny,manual,370.00,390.00,true,true,,https://cdn.shopify.com/s/files/1/0778/0220/9599/files/11_83b1e260-584c-4ccf-b6d3-92a7bc055bfe.jpg?v=1687410142,1,,false,,,,,,,,,,,,,,https://cdn.shopify.com/s/files/1/0778/0220/9599/files/11_83b1e260-584c-4ccf-b6d3-92a7bc055bfe.jpg?v=1687410142,kg,,,true,true,,,true,,,true,,,active
copy-of-tribit-stylist-wireless-bluetooth-headphone-1,,,,,,,,,Blue,,,,,NHFL7-12,0.0,shopify,300,deny,manual,300.00,390.00,true,true,,https://cdn.shopify.com/s/files/1/0778/0220/9599/files/011_h.jpg?v=1687410142,2,,,,,,,,,,,,,,,,https://cdn.shopify.com/s/files/1/0778/0220/9599/files/011_h.jpg?v=1687410142,kg,,,,,,,,,,,,,
copy-of-tribit-stylist-wireless-bluetooth-headphone-1,,,,,,,,,Red,,,,,NHFL7-13,0.0,shopify,100,deny,manual,370.00,390.00,true,true,,https://cdn.shopify.com/s/files/1/0778/0220/9599/files/12_cc15cc03-0578-423e-a794-63eeeb2be799.jpg?v=1687410140,3,,,,,,,,,,,,,,,,https://cdn.shopify.com/s/files/1/0778/0220/9599/files/12_cc15cc03-0578-423e-a794-63eeeb2be799.jpg?v=1687410140,kg,,,,,,,,,,,,,
copy-of-tribit-stylist-wireless-bluetooth-headphone-1,,,,,,,,,,,,,,,,,,,,,,,,,https://cdn.shopify.com/s/files/1/0778/0220/9599/files/13_aab8f962-794b-45d1-86cb-f34fb7cf998a.jpg?v=1687410140,4,,,,,,,,,,,,,,,,,,,,,,,,,,,,,,
copy-of-tribit-stylist-wireless-bluetooth-headphone-1,,,,,,,,,,,,,,,,,,,,,,,,,https://cdn.shopify.com/s/files/1/0778/0220/9599/files/14_8e75eeac-b116-4db2-a21e-aba32c47fc30.jpg?v=1687410140,5,,,,,,,,,,,,,,,,,,,,,,,,,,,,,,
copy-of-tribit-stylist-wireless-bluetooth-headphone-1,,,,,,,,,,,,,,,,,,,,,,,,,https://cdn.shopify.com/s/files/1/0778/0220/9599/files/15.jpg?v=1687410140,6,,,,,,,,,,,,,,,,,,,,,,,,,,,,,,
copy-of-sterling-gold-style-wedding-earring,Slayinbyneelima gold earrings,"<p><span class=""MuiBox-root jss8118 innerWrapText"">Elegant and comfy, this embroidered A-line dress which has a round neck, and three-quarter sleeves is all you need to ensure your wardrobe is up to date. B</span><span>rowse through the latest collection of various ethnic dresses with cap sleeve sleeve designs to give a flawless desi look. Stay up to date with the great selection of attractive traditional ethnic dresses made with the perfect blend and modern style.</span></p>
<h4><strong>Sample Unordered List</strong></h4>
<ul>
<li>Comodous in tempor ullamcorper miaculis</li>
<li>Pellentesque vitae neque mollis urna mattis laoreet.</li>
<li>Divamus sit amet purus justo.</li>
<li>Proin molestie egestas orci ac suscipit risus posuere loremou.</li>
</ul>
<h4><strong>Sample Ordered Lista</strong></h4>
<ol>
<li>Comodous in tempor ullamcorper miaculis</li>
<li>Pellentesque vitae neque mollis urna mattis laoreet.</li>
<li>Divamus sit amet purus justo.</li>
<li>Proin molestie egestas orci ac suscipit risus posuere loremous</li>
</ol>
<h4><strong>Sample Paragraph Text</strong></h4>
<blockquote>
<p>Faded short sleeves t-shirt with high neckline. Soft and stretchy material for a comfortable fit. Accessorize with a straw hat and you're ready for summer!Faded short sleeves t-shirt with high neckline. Soft and stretchy material for a comfortable fit. Accessorize with a straw hat and you're ready for summe!</p>
</blockquote>",PUMA,,Hat,"Cotton, Fashion, Summer, Time_2025/05/13 20:25:00, Vintage",true,Color,Darkcyan,,,,,NHFL5-10,0.0,shopify,99,deny,manual,250.00,290.00,true,true,,https://cdn.shopify.com/s/files/1/0778/0220/9599/files/21_3_d81f2a0a-5145-439f-94d8-fdd9b9df4c87.jpg?v=1688021670,1,,false,,,,,,,,,,,,,,https://cdn.shopify.com/s/files/1/0778/0220/9599/files/21_3_d81f2a0a-5145-439f-94d8-fdd9b9df4c87.jpg?v=1688021670,kg,,,true,true,,,true,,,true,,,active
copy-of-sterling-gold-style-wedding-earring,,,,,,,,,Coral,,,,,NHFL5-11,0.0,shopify,99,deny,manual,250.00,290.00,true,true,,https://cdn.shopify.com/s/files/1/0778/0220/9599/files/21_h_1.jpg?v=1688021670,2,,,,,,,,,,,,,,,,https://cdn.shopify.com/s/files/1/0778/0220/9599/files/21_h_1.jpg?v=1688021670,kg,,,,,,,,,,,,,
copy-of-sterling-gold-style-wedding-earring,,,,,,,,,Gray,,,,,NHFL5-12,0.0,shopify,99,deny,manual,250.00,290.00,true,true,,https://cdn.shopify.com/s/files/1/0778/0220/9599/files/14_91c1ac9d-b826-4a47-8c05-f0c880cfcfda.jpg?v=1688021670,3,,,,,,,,,,,,,,,,https://cdn.shopify.com/s/files/1/0778/0220/9599/files/14_91c1ac9d-b826-4a47-8c05-f0c880cfcfda.jpg?v=1688021670,kg,,,,,,,,,,,,,
copy-of-sterling-gold-style-wedding-earring,,,,,,,,,,,,,,,,,,,,,,,,,https://cdn.shopify.com/s/files/1/0778/0220/9599/files/18_f834e9a5-6ebc-41d0-9365-05edcb57dca0.jpg?v=1688021670,4,,,,,,,,,,,,,,,,,,,,,,,,,,,,,,
copy-of-sterling-gold-style-wedding-earring,,,,,,,,,,,,,,,,,,,,,,,,,https://cdn.shopify.com/s/files/1/0778/0220/9599/files/19_1_54bfd9d1-57d7-4723-89a3-8622a2d53b9b.jpg?v=1688021670,5,,,,,,,,,,,,,,,,,,,,,,,,,,,,,,
copy-of-sterling-gold-style-wedding-earring,,,,,,,,,,,,,,,,,,,,,,,,,https://cdn.shopify.com/s/files/1/0778/0220/9599/files/22_3_c06472eb-89b9-4f63-bbe8-678dfc994fe0.jpg?v=1688021668,6,,,,,,,,,,,,,,,,,,,,,,,,,,,,,,
